image_path,text-representation_start-position
images/1860/nqueens.jpg,"0;0;Q;0;0;0;0;0;0;0;0
0;0;0;0;0;0;0;Q;0;0;0
0;0;0;0;0;0;0;0;0;0;0
0;0;0;0;Q;0;0;0;0;0;0
0;Q;0;0;0;0;0;0;0;0;0
0;0;0;0;0;Q;0;0;0;0;0
0;0;0;0;0;0;0;0;0;0;0
0;0;0;0;0;0;Q;0;0;0;0
0;0;0;Q;0;0;0;0;0;0;0
Q;0;0;0;0;0;0;0;0;0;0
0;0;0;0;0;0;0;0;Q;0;0"
images/0353/nqueens.jpg,"0;0;0;0;Q;0;0;0;0
0;0;0;0;0;0;Q;0;0
0;0;0;0;0;0;0;0;0
0;0;0;Q;0;0;0;0;0
0;Q;0;0;0;0;0;0;0
0;0;0;0;0;0;0;0;0
0;0;0;0;0;Q;0;0;0
0;0;Q;0;0;0;0;0;0
Q;0;0;0;0;0;0;0;0"
images/1333/nqueens.jpg,"0;0;0;0;0;Q;0;0;0;0;0
0;0;0;0;0;0;0;0;0;0;0
0;0;0;0;Q;0;0;0;0;0;0
0;Q;0;0;0;0;0;0;0;0;0
0;0;0;0;0;0;0;0;Q;0;0
0;0;Q;0;0;0;0;0;0;0;0
0;0;0;0;0;0;0;Q;0;0;0
0;0;0;0;0;0;0;0;0;0;0
0;0;0;Q;0;0;0;0;0;0;0
Q;0;0;0;0;0;0;0;0;0;0
0;0;0;0;0;0;Q;0;0;0;0"
images/0905/nqueens.jpg,"0;0;0;0;Q;0;0;0;0;0
0;0;0;0;0;0;Q;0;0;0
0;Q;0;0;0;0;0;0;0;0
0;0;0;0;0;0;0;0;0;0
0;0;0;0;0;0;0;Q;0;0
0;0;0;Q;0;0;0;0;0;0
Q;0;0;0;0;0;0;0;0;0
0;0;Q;0;0;0;0;0;0;0
0;0;0;0;0;0;0;0;0;0
0;0;0;0;0;Q;0;0;0;0"
images/1289/nqueens.jpg,"0;0;Q;0;0;0;0;0;0;0;0
0;0;0;0;Q;0;0;0;0;0;0
0;0;0;0;0;0;Q;0;0;0;0
0;0;0;0;0;0;0;0;Q;0;0
0;0;0;0;0;0;0;0;0;0;0
0;Q;0;0;0;0;0;0;0;0;0
0;0;0;Q;0;0;0;0;0;0;0
0;0;0;0;0;Q;0;0;0;0;0
0;0;0;0;0;0;0;Q;0;0;0
0;0;0;0;0;0;0;0;0;0;0
Q;0;0;0;0;0;0;0;0;0;0"
images/1273/nqueens.jpg,"Q;0;0;0;0;0;0;0;0;0;0
0;0;0;0;0;0;0;0;0;0;0
0;0;0;0;0;Q;0;0;0;0;0
0;0;0;0;0;0;0;Q;0;0;0
0;0;Q;0;0;0;0;0;0;0;0
0;0;0;0;Q;0;0;0;0;0;0
0;0;0;0;0;0;0;0;Q;0;0
0;Q;0;0;0;0;0;0;0;0;0
0;0;0;0;0;0;0;0;0;0;0
0;0;0;0;0;0;Q;0;0;0;0
0;0;0;Q;0;0;0;0;0;0;0"
images/0938/nqueens.jpg,"0;Q;0;0;0;0;0;0;0;0
0;0;0;0;0;Q;0;0;0;0
0;0;0;0;0;0;0;Q;0;0
0;0;Q;0;0;0;0;0;0;0
0;0;0;0;0;0;Q;0;0;0
0;0;0;Q;0;0;0;0;0;0
0;0;0;0;0;0;0;0;0;0
Q;0;0;0;0;0;0;0;0;0
0;0;0;0;0;0;0;0;0;0
0;0;0;0;Q;0;0;0;0;0"
images/1731/nqueens.jpg,"0;0;0;Q;0;0;0;0;0;0;0
Q;0;0;0;0;0;0;0;0;0;0
0;0;0;0;0;0;0;0;0;0;0
0;0;0;0;0;Q;0;0;0;0;0
0;0;0;0;0;0;0;0;0;0;0
0;Q;0;0;0;0;0;0;0;0;0
0;0;0;0;0;0;Q;0;0;0;0
0;0;0;0;0;0;0;0;Q;0;0
0;0;Q;0;0;0;0;0;0;0;0
0;0;0;0;Q;0;0;0;0;0;0
0;0;0;0;0;0;0;Q;0;0;0"
images/0065/nqueens.jpg,"0;0;0;0;Q;0;0;0
0;Q;0;0;0;0;0;0
0;0;0;Q;0;0;0;0
0;0;0;0;0;Q;0;0
0;0;0;0;0;0;0;0
0;0;Q;0;0;0;0;0
Q;0;0;0;0;0;0;0
0;0;0;0;0;0;0;0"
images/1323/nqueens.jpg,"0;0;0;0;0;0;0;0;Q;0;0
0;0;0;0;Q;0;0;0;0;0;0
0;Q;0;0;0;0;0;0;0;0;0
0;0;0;0;0;0;0;Q;0;0;0
0;0;0;0;0;0;0;0;0;0;0
0;0;0;0;0;0;Q;0;0;0;0
0;0;0;Q;0;0;0;0;0;0;0
Q;0;0;0;0;0;0;0;0;0;0
0;0;0;0;0;0;0;0;0;0;0
0;0;0;0;0;Q;0;0;0;0;0
0;0;Q;0;0;0;0;0;0;0;0"
images/0056/nqueens.jpg,"0;Q;0;0;0;0;0;0
0;0;0;0;Q;0;0;0
0;0;0;0;0;0;0;0
Q;0;0;0;0;0;0;0
0;0;Q;0;0;0;0;0
0;0;0;0;0;0;0;0
0;0;0;0;0;Q;0;0
0;0;0;Q;0;0;0;0"
images/1292/nqueens.jpg,"0;0;0;0;0;0;Q;0;0;0;0
0;0;0;0;Q;0;0;0;0;0;0
0;0;Q;0;0;0;0;0;0;0;0
0;0;0;0;0;0;0;0;Q;0;0
0;0;0;Q;0;0;0;0;0;0;0
0;0;0;0;0;0;0;Q;0;0;0
0;0;0;0;0;0;0;0;0;0;0
0;Q;0;0;0;0;0;0;0;0;0
0;0;0;0;0;0;0;0;0;0;0
0;0;0;0;0;Q;0;0;0;0;0
Q;0;0;0;0;0;0;0;0;0;0"
images/1118/nqueens.jpg,"0;0;0;0;0;0;0;0;0;0
0;0;0;0;0;0;Q;0;0;0
0;0;0;0;Q;0;0;0;0;0
0;0;Q;0;0;0;0;0;0;0
Q;0;0;0;0;0;0;0;0;0
0;0;0;0;0;0;0;0;0;0
0;0;0;0;0;0;0;Q;0;0
0;0;0;0;0;Q;0;0;0;0
0;0;0;Q;0;0;0;0;0;0
0;Q;0;0;0;0;0;0;0;0"
images/0584/nqueens.jpg,"Q;0;0;0;0;0;0;0;0;0
0;0;Q;0;0;0;0;0;0;0
0;0;0;0;0;Q;0;0;0;0
0;0;0;0;0;0;0;Q;0;0
0;0;0;0;0;0;0;0;0;0
0;0;0;0;Q;0;0;0;0;0
0;0;0;0;0;0;0;0;0;0
0;Q;0;0;0;0;0;0;0;0
0;0;0;Q;0;0;0;0;0;0
0;0;0;0;0;0;Q;0;0;0"
images/0374/nqueens.jpg,"0;0;0;Q;0;0;0;0;0
0;0;0;0;0;Q;0;0;0
0;0;0;0;0;0;0;0;0
0;Q;0;0;0;0;0;0;0
0;0;0;0;Q;0;0;0;0
0;0;0;0;0;0;Q;0;0
0;0;0;0;0;0;0;0;0
Q;0;0;0;0;0;0;0;0
0;0;Q;0;0;0;0;0;0"
images/0275/nqueens.jpg,"0;0;0;Q;0;0;0;0;0
0;0;0;0;0;Q;0;0;0
0;0;0;0;0;0;0;0;0
0;0;Q;0;0;0;0;0;0
Q;0;0;0;0;0;0;0;0
0;0;0;0;0;0;Q;0;0
0;0;0;0;Q;0;0;0;0
0;Q;0;0;0;0;0;0;0
0;0;0;0;0;0;0;0;0"
images/0746/nqueens.jpg,"0;0;0;0;Q;0;0;0;0;0
0;0;Q;0;0;0;0;0;0;0
0;0;0;0;0;0;0;0;0;0
0;0;0;0;0;Q;0;0;0;0
0;0;0;0;0;0;0;0;0;0
0;Q;0;0;0;0;0;0;0;0
0;0;0;0;0;0;Q;0;0;0
Q;0;0;0;0;0;0;0;0;0
0;0;0;Q;0;0;0;0;0;0
0;0;0;0;0;0;0;Q;0;0"
images/0128/nqueens.jpg,"0;0;0;0;0;0;0;0;0
0;0;0;Q;0;0;0;0;0
0;0;0;0;0;Q;0;0;0
0;0;0;0;0;0;0;0;0
0;0;Q;0;0;0;0;0;0
Q;0;0;0;0;0;0;0;0
0;0;0;0;0;0;Q;0;0
0;0;0;0;Q;0;0;0;0
0;Q;0;0;0;0;0;0;0"
images/1646/nqueens.jpg,"0;0;0;0;0;0;Q;0;0;0;0
0;0;0;0;0;0;0;0;0;0;0
0;0;0;0;0;Q;0;0;0;0;0
0;0;0;0;0;0;0;0;0;0;0
0;Q;0;0;0;0;0;0;0;0;0
0;0;0;0;0;0;0;Q;0;0;0
0;0;Q;0;0;0;0;0;0;0;0
0;0;0;0;0;0;0;0;Q;0;0
0;0;0;Q;0;0;0;0;0;0;0
Q;0;0;0;0;0;0;0;0;0;0
0;0;0;0;Q;0;0;0;0;0;0"
images/1852/nqueens.jpg,"0;0;0;0;0;Q;0;0;0;0;0
0;0;0;0;0;0;0;0;0;0;0
0;0;0;0;0;0;Q;0;0;0;0
0;0;0;Q;0;0;0;0;0;0;0
Q;0;0;0;0;0;0;0;0;0;0
0;0;Q;0;0;0;0;0;0;0;0
0;0;0;0;0;0;0;Q;0;0;0
0;0;0;0;0;0;0;0;0;0;0
0;Q;0;0;0;0;0;0;0;0;0
0;0;0;0;0;0;0;0;Q;0;0
0;0;0;0;Q;0;0;0;0;0;0"
images/0674/nqueens.jpg,"0;0;0;0;Q;0;0;0;0;0
0;Q;0;0;0;0;0;0;0;0
0;0;0;0;0;0;0;0;0;0
0;0;0;0;0;0;Q;0;0;0
0;0;0;Q;0;0;0;0;0;0
Q;0;0;0;0;0;0;0;0;0
0;0;Q;0;0;0;0;0;0;0
0;0;0;0;0;0;0;0;0;0
0;0;0;0;0;Q;0;0;0;0
0;0;0;0;0;0;0;Q;0;0"
images/1664/nqueens.jpg,"0;0;0;0;0;0;0;0;Q;0;0
0;0;0;0;0;Q;0;0;0;0;0
Q;0;0;0;0;0;0;0;0;0;0
0;0;0;0;0;0;0;0;0;0;0
0;0;0;0;0;0;0;Q;0;0;0
0;0;0;0;Q;0;0;0;0;0;0
0;Q;0;0;0;0;0;0;0;0;0
0;0;0;Q;0;0;0;0;0;0;0
0;0;0;0;0;0;0;0;0;0;0
0;0;0;0;0;0;Q;0;0;0;0
0;0;Q;0;0;0;0;0;0;0;0"
images/1981/nqueens.jpg,"0;0;0;0;0;0;Q;0;0;0;0
0;0;0;0;0;0;0;0;Q;0;0
0;0;Q;0;0;0;0;0;0;0;0
Q;0;0;0;0;0;0;0;0;0;0
0;0;0;0;0;0;0;Q;0;0;0
0;0;0;0;0;0;0;0;0;0;0
0;0;0;0;Q;0;0;0;0;0;0
0;Q;0;0;0;0;0;0;0;0;0
0;0;0;0;0;0;0;0;0;0;0
0;0;0;0;0;Q;0;0;0;0;0
0;0;0;Q;0;0;0;0;0;0;0"
images/1083/nqueens.jpg,"0;0;0;0;0;0;0;0;0;0
0;Q;0;0;0;0;0;0;0;0
0;0;0;0;0;0;0;Q;0;0
Q;0;0;0;0;0;0;0;0;0
0;0;0;Q;0;0;0;0;0;0
0;0;0;0;0;0;Q;0;0;0
0;0;0;0;0;0;0;0;0;0
0;0;0;0;0;Q;0;0;0;0
0;0;Q;0;0;0;0;0;0;0
0;0;0;0;Q;0;0;0;0;0"
images/1922/nqueens.jpg,"0;0;0;0;0;0;Q;0;0;0;0
0;0;0;0;Q;0;0;0;0;0;0
0;0;Q;0;0;0;0;0;0;0;0
0;0;0;0;0;0;0;0;0;0;0
0;0;0;0;0;0;0;0;Q;0;0
0;0;0;Q;0;0;0;0;0;0;0
0;Q;0;0;0;0;0;0;0;0;0
0;0;0;0;0;0;0;0;0;0;0
0;0;0;0;0;0;0;Q;0;0;0
0;0;0;0;0;Q;0;0;0;0;0
Q;0;0;0;0;0;0;0;0;0;0"
images/0099/nqueens.jpg,"0;0;0;0;0;0;0;0;0
0;0;0;0;0;0;Q;0;0
0;0;0;Q;0;0;0;0;0
0;Q;0;0;0;0;0;0;0
0;0;0;0;0;0;0;0;0
0;0;0;0;0;Q;0;0;0
Q;0;0;0;0;0;0;0;0
0;0;Q;0;0;0;0;0;0
0;0;0;0;Q;0;0;0;0"
images/1179/nqueens.jpg,"0;0;Q;0;0;0;0;0;0;0;0
0;0;0;0;0;0;0;0;Q;0;0
0;0;0;0;0;Q;0;0;0;0;0
0;0;0;Q;0;0;0;0;0;0;0
0;0;0;0;0;0;0;0;0;0;0
Q;0;0;0;0;0;0;0;0;0;0
0;0;0;0;0;0;0;Q;0;0;0
0;Q;0;0;0;0;0;0;0;0;0
0;0;0;0;Q;0;0;0;0;0;0
0;0;0;0;0;0;Q;0;0;0;0
0;0;0;0;0;0;0;0;0;0;0"
images/0964/nqueens.jpg,"0;0;0;0;0;Q;0;0;0;0
0;0;0;0;0;0;0;0;0;0
0;0;Q;0;0;0;0;0;0;0
0;0;0;0;Q;0;0;0;0;0
0;0;0;0;0;0;0;Q;0;0
0;Q;0;0;0;0;0;0;0;0
0;0;0;0;0;0;0;0;0;0
0;0;0;0;0;0;Q;0;0;0
Q;0;0;0;0;0;0;0;0;0
0;0;0;Q;0;0;0;0;0;0"
images/0792/nqueens.jpg,"0;0;0;0;0;0;0;0;0;0
0;0;0;0;0;0;Q;0;0;0
0;0;Q;0;0;0;0;0;0;0
Q;0;0;0;0;0;0;0;0;0
0;0;0;0;0;Q;0;0;0;0
0;Q;0;0;0;0;0;0;0;0
0;0;0;0;Q;0;0;0;0;0
0;0;0;0;0;0;0;0;0;0
0;0;0;0;0;0;0;Q;0;0
0;0;0;Q;0;0;0;0;0;0"
images/0029/nqueens.jpg,"0;0;Q;0;0;0;0;0
0;0;0;0;Q;0;0;0
0;0;0;0;0;0;0;0
0;0;0;Q;0;0;0;0
Q;0;0;0;0;0;0;0
0;0;0;0;0;0;0;0
0;Q;0;0;0;0;0;0
0;0;0;0;0;Q;0;0"
images/0628/nqueens.jpg,"0;0;0;0;0;0;0;0;0;0
0;0;Q;0;0;0;0;0;0;0
Q;0;0;0;0;0;0;0;0;0
0;0;0;Q;0;0;0;0;0;0
0;0;0;0;0;0;Q;0;0;0
0;0;0;0;0;0;0;0;0;0
0;Q;0;0;0;0;0;0;0;0
0;0;0;0;Q;0;0;0;0;0
0;0;0;0;0;0;0;Q;0;0
0;0;0;0;0;Q;0;0;0;0"
images/0944/nqueens.jpg,"0;0;0;0;0;Q;0;0;0;0
0;0;0;Q;0;0;0;0;0;0
0;Q;0;0;0;0;0;0;0;0
0;0;0;0;0;0;0;Q;0;0
0;0;0;0;Q;0;0;0;0;0
0;0;0;0;0;0;0;0;0;0
Q;0;0;0;0;0;0;0;0;0
0;0;Q;0;0;0;0;0;0;0
0;0;0;0;0;0;0;0;0;0
0;0;0;0;0;0;Q;0;0;0"
images/0572/nqueens.jpg,"Q;0;0;0;0;0;0;0;0;0
0;0;0;Q;0;0;0;0;0;0
0;0;0;0;0;0;Q;0;0;0
0;0;0;0;0;0;0;0;0;0
0;0;0;0;0;0;0;Q;0;0
0;0;0;0;Q;0;0;0;0;0
0;Q;0;0;0;0;0;0;0;0
0;0;0;0;0;0;0;0;0;0
0;0;Q;0;0;0;0;0;0;0
0;0;0;0;0;Q;0;0;0;0"
images/0907/nqueens.jpg,"Q;0;0;0;0;0;0;0;0;0
0;0;0;0;0;0;0;Q;0;0
0;0;0;0;0;Q;0;0;0;0
0;0;Q;0;0;0;0;0;0;0
0;0;0;0;0;0;0;0;0;0
0;Q;0;0;0;0;0;0;0;0
0;0;0;0;Q;0;0;0;0;0
0;0;0;0;0;0;0;0;0;0
0;0;0;Q;0;0;0;0;0;0
0;0;0;0;0;0;Q;0;0;0"
images/1080/nqueens.jpg,"0;0;0;0;0;0;Q;0;0;0
0;0;0;0;0;0;0;0;0;0
0;Q;0;0;0;0;0;0;0;0
0;0;0;0;Q;0;0;0;0;0
Q;0;0;0;0;0;0;0;0;0
0;0;0;Q;0;0;0;0;0;0
0;0;0;0;0;0;0;0;0;0
0;0;0;0;0;0;0;Q;0;0
0;0;0;0;0;Q;0;0;0;0
0;0;Q;0;0;0;0;0;0;0"
images/0450/nqueens.jpg,"0;0;0;0;Q;0;0;0;0;0
Q;0;0;0;0;0;0;0;0;0
0;0;0;Q;0;0;0;0;0;0
0;0;0;0;0;0;0;0;0;0
0;0;0;0;0;0;Q;0;0;0
0;Q;0;0;0;0;0;0;0;0
0;0;0;0;0;0;0;0;0;0
0;0;Q;0;0;0;0;0;0;0
0;0;0;0;0;Q;0;0;0;0
0;0;0;0;0;0;0;Q;0;0"
images/1609/nqueens.jpg,"0;0;0;0;0;0;0;0;Q;0;0
0;0;0;0;0;Q;0;0;0;0;0
0;0;Q;0;0;0;0;0;0;0;0
Q;0;0;0;0;0;0;0;0;0;0
0;0;0;0;0;0;0;Q;0;0;0
0;0;0;0;Q;0;0;0;0;0;0
0;Q;0;0;0;0;0;0;0;0;0
0;0;0;0;0;0;0;0;0;0;0
0;0;0;0;0;0;Q;0;0;0;0
0;0;0;0;0;0;0;0;0;0;0
0;0;0;Q;0;0;0;0;0;0;0"
images/1290/nqueens.jpg,"0;0;0;0;0;0;Q;0;0;0;0
0;0;0;Q;0;0;0;0;0;0;0
0;Q;0;0;0;0;0;0;0;0;0
0;0;0;0;0;0;0;0;0;0;0
0;0;0;0;0;0;0;0;Q;0;0
0;0;0;0;0;Q;0;0;0;0;0
0;0;Q;0;0;0;0;0;0;0;0
Q;0;0;0;0;0;0;0;0;0;0
0;0;0;0;0;0;0;0;0;0;0
0;0;0;0;0;0;0;Q;0;0;0
0;0;0;0;Q;0;0;0;0;0;0"
images/1078/nqueens.jpg,"0;0;0;0;Q;0;0;0;0;0
0;0;Q;0;0;0;0;0;0;0
0;0;0;0;0;0;0;0;0;0
0;0;0;0;0;Q;0;0;0;0
0;0;0;Q;0;0;0;0;0;0
0;0;0;0;0;0;0;0;0;0
Q;0;0;0;0;0;0;0;0;0
0;0;0;0;0;0;0;Q;0;0
0;Q;0;0;0;0;0;0;0;0
0;0;0;0;0;0;Q;0;0;0"
images/0254/nqueens.jpg,"Q;0;0;0;0;0;0;0;0
0;0;0;0;0;0;Q;0;0
0;0;0;Q;0;0;0;0;0
0;0;0;0;0;0;0;0;0
0;0;Q;0;0;0;0;0;0
0;0;0;0;0;0;0;0;0
0;0;0;0;0;Q;0;0;0
0;Q;0;0;0;0;0;0;0
0;0;0;0;Q;0;0;0;0"
images/0124/nqueens.jpg,"0;0;Q;0;0;0;0;0;0
0;0;0;0;0;0;0;0;0
0;0;0;0;0;Q;0;0;0
Q;0;0;0;0;0;0;0;0
0;0;0;0;0;0;0;0;0
0;Q;0;0;0;0;0;0;0
0;0;0;0;Q;0;0;0;0
0;0;0;0;0;0;Q;0;0
0;0;0;Q;0;0;0;0;0"
images/1927/nqueens.jpg,"0;0;Q;0;0;0;0;0;0;0;0
0;0;0;0;0;0;0;0;0;0;0
0;0;0;0;0;0;Q;0;0;0;0
0;0;0;0;0;0;0;0;0;0;0
0;0;0;Q;0;0;0;0;0;0;0
0;0;0;0;0;Q;0;0;0;0;0
Q;0;0;0;0;0;0;0;0;0;0
0;0;0;0;0;0;0;0;Q;0;0
0;Q;0;0;0;0;0;0;0;0;0
0;0;0;0;Q;0;0;0;0;0;0
0;0;0;0;0;0;0;Q;0;0;0"
images/0251/nqueens.jpg,"0;0;0;0;0;Q;0;0;0
0;0;0;0;0;0;0;0;0
0;0;Q;0;0;0;0;0;0
Q;0;0;0;0;0;0;0;0
0;0;0;0;0;0;0;0;0
0;Q;0;0;0;0;0;0;0
0;0;0;0;Q;0;0;0;0
0;0;0;0;0;0;Q;0;0
0;0;0;Q;0;0;0;0;0"
images/0585/nqueens.jpg,"0;0;0;Q;0;0;0;0;0;0
0;0;0;0;0;0;0;0;0;0
0;0;0;0;Q;0;0;0;0;0
0;Q;0;0;0;0;0;0;0;0
0;0;0;0;0;0;0;0;0;0
0;0;0;0;0;0;Q;0;0;0
0;0;Q;0;0;0;0;0;0;0
0;0;0;0;0;0;0;Q;0;0
0;0;0;0;0;Q;0;0;0;0
Q;0;0;0;0;0;0;0;0;0"
images/1568/nqueens.jpg,"0;0;0;0;0;Q;0;0;0;0;0
0;Q;0;0;0;0;0;0;0;0;0
0;0;0;0;Q;0;0;0;0;0;0
0;0;0;0;0;0;0;0;0;0;0
0;0;0;0;0;0;0;Q;0;0;0
0;0;0;0;0;0;0;0;0;0;0
0;0;0;Q;0;0;0;0;0;0;0
Q;0;0;0;0;0;0;0;0;0;0
0;0;Q;0;0;0;0;0;0;0;0
0;0;0;0;0;0;0;0;Q;0;0
0;0;0;0;0;0;Q;0;0;0;0"
images/0824/nqueens.jpg,"0;0;0;0;0;0;0;0;0;0
0;0;0;0;0;0;0;Q;0;0
0;0;0;0;Q;0;0;0;0;0
0;0;Q;0;0;0;0;0;0;0
Q;0;0;0;0;0;0;0;0;0
0;0;0;0;0;Q;0;0;0;0
0;Q;0;0;0;0;0;0;0;0
0;0;0;0;0;0;0;0;0;0
0;0;0;0;0;0;Q;0;0;0
0;0;0;Q;0;0;0;0;0;0"
images/0507/nqueens.jpg,"0;0;0;0;0;0;Q;0;0;0
0;0;Q;0;0;0;0;0;0;0
0;0;0;0;0;0;0;Q;0;0
0;Q;0;0;0;0;0;0;0;0
0;0;0;0;Q;0;0;0;0;0
Q;0;0;0;0;0;0;0;0;0
0;0;0;0;0;0;0;0;0;0
0;0;0;Q;0;0;0;0;0;0
0;0;0;0;0;Q;0;0;0;0
0;0;0;0;0;0;0;0;0;0"
images/0889/nqueens.jpg,"0;0;0;0;Q;0;0;0;0;0
Q;0;0;0;0;0;0;0;0;0
0;0;0;0;0;0;0;Q;0;0
0;0;0;0;0;Q;0;0;0;0
0;0;Q;0;0;0;0;0;0;0
0;0;0;0;0;0;0;0;0;0
0;Q;0;0;0;0;0;0;0;0
0;0;0;Q;0;0;0;0;0;0
0;0;0;0;0;0;0;0;0;0
0;0;0;0;0;0;Q;0;0;0"
images/0070/nqueens.jpg,"0;0;Q;0;0;0;0;0
0;0;0;0;0;Q;0;0
0;0;0;0;0;0;0;0
0;Q;0;0;0;0;0;0
0;0;0;Q;0;0;0;0
Q;0;0;0;0;0;0;0
0;0;0;0;0;0;0;0
0;0;0;0;Q;0;0;0"
images/1608/nqueens.jpg,"0;0;0;0;0;Q;0;0;0;0;0
0;0;0;Q;0;0;0;0;0;0;0
0;0;0;0;0;0;0;0;Q;0;0
Q;0;0;0;0;0;0;0;0;0;0
0;0;Q;0;0;0;0;0;0;0;0
0;0;0;0;0;0;Q;0;0;0;0
0;Q;0;0;0;0;0;0;0;0;0
0;0;0;0;0;0;0;0;0;0;0
0;0;0;0;0;0;0;Q;0;0;0
0;0;0;0;0;0;0;0;0;0;0
0;0;0;0;Q;0;0;0;0;0;0"
images/1532/nqueens.jpg,"0;0;0;0;0;0;0;Q;0;0;0
0;0;Q;0;0;0;0;0;0;0;0
0;0;0;0;Q;0;0;0;0;0;0
0;0;0;0;0;0;0;0;0;0;0
0;Q;0;0;0;0;0;0;0;0;0
0;0;0;0;0;0;0;0;Q;0;0
0;0;0;0;0;Q;0;0;0;0;0
0;0;0;Q;0;0;0;0;0;0;0
0;0;0;0;0;0;Q;0;0;0;0
Q;0;0;0;0;0;0;0;0;0;0
0;0;0;0;0;0;0;0;0;0;0"
images/0247/nqueens.jpg,"0;0;0;0;0;Q;0;0;0
Q;0;0;0;0;0;0;0;0
0;0;0;0;Q;0;0;0;0
0;Q;0;0;0;0;0;0;0
0;0;0;0;0;0;0;0;0
0;0;0;0;0;0;Q;0;0
0;0;0;Q;0;0;0;0;0
0;0;0;0;0;0;0;0;0
0;0;Q;0;0;0;0;0;0"
images/1450/nqueens.jpg,"0;0;Q;0;0;0;0;0;0;0;0
0;0;0;0;0;0;0;0;0;0;0
0;0;0;0;0;Q;0;0;0;0;0
0;0;0;0;0;0;0;0;0;0;0
0;0;0;0;Q;0;0;0;0;0;0
Q;0;0;0;0;0;0;0;0;0;0
0;0;0;0;0;0;0;Q;0;0;0
0;0;0;Q;0;0;0;0;0;0;0
0;Q;0;0;0;0;0;0;0;0;0
0;0;0;0;0;0;Q;0;0;0;0
0;0;0;0;0;0;0;0;Q;0;0"
images/0212/nqueens.jpg,"0;0;Q;0;0;0;0;0;0
0;0;0;0;0;0;0;0;0
0;0;0;Q;0;0;0;0;0
Q;0;0;0;0;0;0;0;0
0;0;0;0;0;0;0;0;0
0;0;0;0;0;Q;0;0;0
0;Q;0;0;0;0;0;0;0
0;0;0;0;0;0;Q;0;0
0;0;0;0;Q;0;0;0;0"
images/0909/nqueens.jpg,"0;0;0;Q;0;0;0;0;0;0
0;0;0;0;0;0;Q;0;0;0
0;0;Q;0;0;0;0;0;0;0
0;0;0;0;0;Q;0;0;0;0
0;Q;0;0;0;0;0;0;0;0
0;0;0;0;0;0;0;0;0;0
Q;0;0;0;0;0;0;0;0;0
0;0;0;0;0;0;0;0;0;0
0;0;0;0;Q;0;0;0;0;0
0;0;0;0;0;0;0;Q;0;0"
images/1741/nqueens.jpg,"0;0;0;0;0;0;0;Q;0;0;0
0;0;0;0;0;0;0;0;0;0;0
0;0;0;0;0;0;0;0;Q;0;0
0;Q;0;0;0;0;0;0;0;0;0
0;0;0;0;Q;0;0;0;0;0;0
Q;0;0;0;0;0;0;0;0;0;0
0;0;0;Q;0;0;0;0;0;0;0
0;0;0;0;0;0;Q;0;0;0;0
0;0;0;0;0;0;0;0;0;0;0
0;0;0;0;0;Q;0;0;0;0;0
0;0;Q;0;0;0;0;0;0;0;0"
images/1244/nqueens.jpg,"0;0;0;0;0;0;0;Q;0;0;0
Q;0;0;0;0;0;0;0;0;0;0
0;0;0;0;Q;0;0;0;0;0;0
0;Q;0;0;0;0;0;0;0;0;0
0;0;0;0;0;Q;0;0;0;0;0
0;0;0;0;0;0;0;0;0;0;0
0;0;Q;0;0;0;0;0;0;0;0
0;0;0;0;0;0;0;0;0;0;0
0;0;0;0;0;0;0;0;Q;0;0
0;0;0;0;0;0;Q;0;0;0;0
0;0;0;Q;0;0;0;0;0;0;0"
images/1696/nqueens.jpg,"0;0;0;Q;0;0;0;0;0;0;0
0;0;0;0;0;0;0;0;0;0;0
0;0;0;0;0;0;Q;0;0;0;0
0;0;Q;0;0;0;0;0;0;0;0
0;0;0;0;0;0;0;0;0;0;0
0;0;0;0;0;Q;0;0;0;0;0
0;Q;0;0;0;0;0;0;0;0;0
0;0;0;0;0;0;0;0;Q;0;0
0;0;0;0;Q;0;0;0;0;0;0
Q;0;0;0;0;0;0;0;0;0;0
0;0;0;0;0;0;0;Q;0;0;0"
images/1182/nqueens.jpg,"0;Q;0;0;0;0;0;0;0;0;0
0;0;0;0;0;0;Q;0;0;0;0
0;0;0;0;Q;0;0;0;0;0;0
0;0;0;0;0;0;0;0;0;0;0
0;0;0;0;0;0;0;Q;0;0;0
0;0;0;Q;0;0;0;0;0;0;0
0;0;0;0;0;0;0;0;0;0;0
0;0;Q;0;0;0;0;0;0;0;0
0;0;0;0;0;Q;0;0;0;0;0
0;0;0;0;0;0;0;0;Q;0;0
Q;0;0;0;0;0;0;0;0;0;0"
images/0361/nqueens.jpg,"0;0;0;0;Q;0;0;0;0
0;0;0;0;0;0;Q;0;0
0;Q;0;0;0;0;0;0;0
0;0;0;0;0;Q;0;0;0
0;0;Q;0;0;0;0;0;0
Q;0;0;0;0;0;0;0;0
0;0;0;0;0;0;0;0;0
0;0;0;Q;0;0;0;0;0
0;0;0;0;0;0;0;0;0"
images/1473/nqueens.jpg,"0;0;0;0;0;0;Q;0;0;0;0
0;0;0;Q;0;0;0;0;0;0;0
0;0;0;0;0;0;0;0;0;0;0
0;0;Q;0;0;0;0;0;0;0;0
0;0;0;0;0;0;0;Q;0;0;0
0;0;0;0;0;0;0;0;0;0;0
0;0;0;0;Q;0;0;0;0;0;0
0;Q;0;0;0;0;0;0;0;0;0
0;0;0;0;0;0;0;0;Q;0;0
Q;0;0;0;0;0;0;0;0;0;0
0;0;0;0;0;Q;0;0;0;0;0"
images/0678/nqueens.jpg,"0;0;0;0;0;Q;0;0;0;0
0;0;0;Q;0;0;0;0;0;0
0;0;0;0;0;0;0;0;0;0
Q;0;0;0;0;0;0;0;0;0
0;0;Q;0;0;0;0;0;0;0
0;0;0;0;0;0;0;0;0;0
0;0;0;0;0;0;Q;0;0;0
0;Q;0;0;0;0;0;0;0;0
0;0;0;0;0;0;0;Q;0;0
0;0;0;0;Q;0;0;0;0;0"
images/1621/nqueens.jpg,"0;0;Q;0;0;0;0;0;0;0;0
0;0;0;0;0;Q;0;0;0;0;0
0;Q;0;0;0;0;0;0;0;0;0
0;0;0;0;0;0;0;0;Q;0;0
0;0;0;0;Q;0;0;0;0;0;0
Q;0;0;0;0;0;0;0;0;0;0
0;0;0;0;0;0;0;0;0;0;0
0;0;0;Q;0;0;0;0;0;0;0
0;0;0;0;0;0;Q;0;0;0;0
0;0;0;0;0;0;0;0;0;0;0
0;0;0;0;0;0;0;Q;0;0;0"
images/1089/nqueens.jpg,"0;0;0;0;0;0;Q;0;0;0
0;Q;0;0;0;0;0;0;0;0
0;0;0;0;0;0;0;Q;0;0
Q;0;0;0;0;0;0;0;0;0
0;0;0;0;0;0;0;0;0;0
0;0;0;Q;0;0;0;0;0;0
0;0;0;0;0;Q;0;0;0;0
0;0;0;0;0;0;0;0;0;0
0;0;Q;0;0;0;0;0;0;0
0;0;0;0;Q;0;0;0;0;0"
images/1987/nqueens.jpg,"0;0;0;Q;0;0;0;0;0;0;0
0;0;0;0;0;0;Q;0;0;0;0
0;0;Q;0;0;0;0;0;0;0;0
0;0;0;0;0;0;0;0;0;0;0
0;0;0;0;0;0;0;0;Q;0;0
Q;0;0;0;0;0;0;0;0;0;0
0;0;0;0;Q;0;0;0;0;0;0
0;0;0;0;0;0;0;0;0;0;0
0;Q;0;0;0;0;0;0;0;0;0
0;0;0;0;0;Q;0;0;0;0;0
0;0;0;0;0;0;0;Q;0;0;0"
images/1847/nqueens.jpg,"0;Q;0;0;0;0;0;0;0;0;0
0;0;0;0;0;0;0;0;0;0;0
0;0;0;0;0;Q;0;0;0;0;0
0;0;0;0;0;0;0;Q;0;0;0
0;0;0;0;Q;0;0;0;0;0;0
Q;0;0;0;0;0;0;0;0;0;0
0;0;0;Q;0;0;0;0;0;0;0
0;0;0;0;0;0;0;0;0;0;0
0;0;0;0;0;0;Q;0;0;0;0
0;0;0;0;0;0;0;0;Q;0;0
0;0;Q;0;0;0;0;0;0;0;0"
images/0987/nqueens.jpg,"0;0;0;Q;0;0;0;0;0;0
0;Q;0;0;0;0;0;0;0;0
0;0;0;0;0;0;0;Q;0;0
0;0;0;0;0;Q;0;0;0;0
0;0;0;0;0;0;0;0;0;0
Q;0;0;0;0;0;0;0;0;0
0;0;0;0;Q;0;0;0;0;0
0;0;0;0;0;0;Q;0;0;0
0;0;0;0;0;0;0;0;0;0
0;0;Q;0;0;0;0;0;0;0"
images/1512/nqueens.jpg,"0;0;0;0;Q;0;0;0;0;0;0
0;0;0;0;0;0;0;0;0;0;0
0;0;0;0;0;0;0;Q;0;0;0
0;0;0;Q;0;0;0;0;0;0;0
0;Q;0;0;0;0;0;0;0;0;0
0;0;0;0;0;0;0;0;Q;0;0
0;0;0;0;0;Q;0;0;0;0;0
Q;0;0;0;0;0;0;0;0;0;0
0;0;0;0;0;0;Q;0;0;0;0
0;0;0;0;0;0;0;0;0;0;0
0;0;Q;0;0;0;0;0;0;0;0"
images/0111/nqueens.jpg,"0;0;0;0;0;Q;0;0;0
0;0;0;Q;0;0;0;0;0
0;Q;0;0;0;0;0;0;0
0;0;0;0;0;0;0;0;0
0;0;0;0;Q;0;0;0;0
0;0;0;0;0;0;0;0;0
Q;0;0;0;0;0;0;0;0
0;0;Q;0;0;0;0;0;0
0;0;0;0;0;0;Q;0;0"
images/1487/nqueens.jpg,"0;0;0;0;0;Q;0;0;0;0;0
0;0;Q;0;0;0;0;0;0;0;0
0;0;0;0;0;0;Q;0;0;0;0
0;Q;0;0;0;0;0;0;0;0;0
0;0;0;0;0;0;0;0;0;0;0
0;0;0;0;0;0;0;Q;0;0;0
0;0;0;0;0;0;0;0;0;0;0
0;0;0;0;Q;0;0;0;0;0;0
0;0;0;0;0;0;0;0;Q;0;0
Q;0;0;0;0;0;0;0;0;0;0
0;0;0;Q;0;0;0;0;0;0;0"
images/1453/nqueens.jpg,"0;0;0;0;0;0;0;0;0;0;0
0;0;0;0;0;0;0;Q;0;0;0
0;Q;0;0;0;0;0;0;0;0;0
0;0;0;0;Q;0;0;0;0;0;0
0;0;Q;0;0;0;0;0;0;0;0
Q;0;0;0;0;0;0;0;0;0;0
0;0;0;0;0;0;0;0;Q;0;0
0;0;0;0;0;0;0;0;0;0;0
0;0;0;0;0;Q;0;0;0;0;0
0;0;0;Q;0;0;0;0;0;0;0
0;0;0;0;0;0;Q;0;0;0;0"
images/0383/nqueens.jpg,"0;0;0;0;0;Q;0;0;0
0;0;0;0;0;0;0;0;0
0;0;Q;0;0;0;0;0;0
0;0;0;0;0;0;Q;0;0
0;0;0;0;0;0;0;0;0
0;Q;0;0;0;0;0;0;0
0;0;0;0;Q;0;0;0;0
Q;0;0;0;0;0;0;0;0
0;0;0;Q;0;0;0;0;0"
images/1395/nqueens.jpg,"0;0;0;Q;0;0;0;0;0;0;0
0;0;0;0;0;0;0;0;0;0;0
0;0;0;0;Q;0;0;0;0;0;0
0;0;0;0;0;0;0;0;0;0;0
0;0;0;0;0;Q;0;0;0;0;0
Q;0;0;0;0;0;0;0;0;0;0
0;0;Q;0;0;0;0;0;0;0;0
0;0;0;0;0;0;Q;0;0;0;0
0;0;0;0;0;0;0;0;Q;0;0
0;Q;0;0;0;0;0;0;0;0;0
0;0;0;0;0;0;0;Q;0;0;0"
images/1054/nqueens.jpg,"0;0;0;0;0;0;Q;0;0;0
0;0;0;0;Q;0;0;0;0;0
Q;0;0;0;0;0;0;0;0;0
0;0;0;0;0;0;0;Q;0;0
0;0;0;0;0;Q;0;0;0;0
0;0;Q;0;0;0;0;0;0;0
0;0;0;0;0;0;0;0;0;0
0;Q;0;0;0;0;0;0;0;0
0;0;0;Q;0;0;0;0;0;0
0;0;0;0;0;0;0;0;0;0"
images/0755/nqueens.jpg,"0;0;0;0;Q;0;0;0;0;0
0;0;Q;0;0;0;0;0;0;0
Q;0;0;0;0;0;0;0;0;0
0;0;0;0;0;0;0;0;0;0
0;0;0;0;0;0;Q;0;0;0
0;0;0;0;0;0;0;0;0;0
0;0;0;Q;0;0;0;0;0;0
0;Q;0;0;0;0;0;0;0;0
0;0;0;0;0;0;0;Q;0;0
0;0;0;0;0;Q;0;0;0;0"
images/0324/nqueens.jpg,"0;0;Q;0;0;0;0;0;0
0;0;0;0;0;Q;0;0;0
0;0;0;0;0;0;0;0;0
0;Q;0;0;0;0;0;0;0
0;0;0;0;0;0;0;0;0
Q;0;0;0;0;0;0;0;0
0;0;0;Q;0;0;0;0;0
0;0;0;0;0;0;Q;0;0
0;0;0;0;Q;0;0;0;0"
images/1623/nqueens.jpg,"0;0;0;0;0;0;Q;0;0;0;0
0;0;0;0;0;0;0;0;0;0;0
0;Q;0;0;0;0;0;0;0;0;0
0;0;0;0;Q;0;0;0;0;0;0
0;0;0;0;0;0;0;0;0;0;0
0;0;0;0;0;Q;0;0;0;0;0
0;0;0;0;0;0;0;0;Q;0;0
0;0;Q;0;0;0;0;0;0;0;0
Q;0;0;0;0;0;0;0;0;0;0
0;0;0;Q;0;0;0;0;0;0;0
0;0;0;0;0;0;0;Q;0;0;0"
images/0787/nqueens.jpg,"0;0;0;Q;0;0;0;0;0;0
0;0;0;0;0;0;Q;0;0;0
0;0;0;0;0;0;0;0;0;0
0;0;0;0;0;Q;0;0;0;0
0;Q;0;0;0;0;0;0;0;0
0;0;0;0;0;0;0;0;0;0
Q;0;0;0;0;0;0;0;0;0
0;0;Q;0;0;0;0;0;0;0
0;0;0;0;Q;0;0;0;0;0
0;0;0;0;0;0;0;Q;0;0"
images/0368/nqueens.jpg,"Q;0;0;0;0;0;0;0;0
0;0;0;Q;0;0;0;0;0
0;0;0;0;0;0;0;0;0
0;0;Q;0;0;0;0;0;0
0;0;0;0;0;0;0;0;0
0;0;0;0;0;0;Q;0;0
0;0;0;0;Q;0;0;0;0
0;Q;0;0;0;0;0;0;0
0;0;0;0;0;Q;0;0;0"
images/1819/nqueens.jpg,"0;0;0;0;0;0;Q;0;0;0;0
0;0;0;0;0;0;0;0;0;0;0
0;0;0;0;0;0;0;Q;0;0;0
0;0;Q;0;0;0;0;0;0;0;0
0;0;0;0;Q;0;0;0;0;0;0
0;0;0;0;0;0;0;0;0;0;0
0;Q;0;0;0;0;0;0;0;0;0
0;0;0;0;0;0;0;0;Q;0;0
0;0;0;0;0;Q;0;0;0;0;0
0;0;0;Q;0;0;0;0;0;0;0
Q;0;0;0;0;0;0;0;0;0;0"
images/0069/nqueens.jpg,"0;0;0;0;0;0;0;0
Q;0;0;0;0;0;0;0
0;0;Q;0;0;0;0;0
0;0;0;0;0;0;0;0
0;0;0;0;0;Q;0;0
0;0;0;Q;0;0;0;0
0;Q;0;0;0;0;0;0
0;0;0;0;Q;0;0;0"
images/0857/nqueens.jpg,"0;0;0;0;0;0;Q;0;0;0
0;0;0;Q;0;0;0;0;0;0
0;Q;0;0;0;0;0;0;0;0
0;0;0;0;Q;0;0;0;0;0
0;0;0;0;0;0;0;Q;0;0
0;0;0;0;0;0;0;0;0;0
0;0;Q;0;0;0;0;0;0;0
0;0;0;0;0;Q;0;0;0;0
0;0;0;0;0;0;0;0;0;0
Q;0;0;0;0;0;0;0;0;0"
images/1483/nqueens.jpg,"0;0;0;0;0;0;0;0;Q;0;0
0;0;0;Q;0;0;0;0;0;0;0
0;Q;0;0;0;0;0;0;0;0;0
0;0;0;0;0;0;0;Q;0;0;0
0;0;0;0;0;0;0;0;0;0;0
0;0;Q;0;0;0;0;0;0;0;0
Q;0;0;0;0;0;0;0;0;0;0
0;0;0;0;0;Q;0;0;0;0;0
0;0;0;0;0;0;0;0;0;0;0
0;0;0;0;Q;0;0;0;0;0;0
0;0;0;0;0;0;Q;0;0;0;0"
images/1555/nqueens.jpg,"0;0;0;0;0;Q;0;0;0;0;0
0;0;0;0;0;0;0;0;0;0;0
0;0;Q;0;0;0;0;0;0;0;0
0;0;0;0;0;0;Q;0;0;0;0
0;0;0;Q;0;0;0;0;0;0;0
0;0;0;0;0;0;0;Q;0;0;0
0;0;0;0;0;0;0;0;0;0;0
0;0;0;0;0;0;0;0;Q;0;0
Q;0;0;0;0;0;0;0;0;0;0
0;0;0;0;Q;0;0;0;0;0;0
0;Q;0;0;0;0;0;0;0;0;0"
images/1691/nqueens.jpg,"Q;0;0;0;0;0;0;0;0;0;0
0;0;0;0;0;0;0;0;Q;0;0
0;0;0;0;Q;0;0;0;0;0;0
0;Q;0;0;0;0;0;0;0;0;0
0;0;0;0;0;0;0;Q;0;0;0
0;0;Q;0;0;0;0;0;0;0;0
0;0;0;0;0;0;0;0;0;0;0
0;0;0;0;0;0;Q;0;0;0;0
0;0;0;0;0;0;0;0;0;0;0
0;0;0;Q;0;0;0;0;0;0;0
0;0;0;0;0;Q;0;0;0;0;0"
images/1474/nqueens.jpg,"0;0;0;0;0;Q;0;0;0;0;0
0;0;0;0;0;0;0;0;0;0;0
0;Q;0;0;0;0;0;0;0;0;0
0;0;0;Q;0;0;0;0;0;0;0
0;0;0;0;0;0;0;0;Q;0;0
0;0;0;0;0;0;Q;0;0;0;0
0;0;Q;0;0;0;0;0;0;0;0
Q;0;0;0;0;0;0;0;0;0;0
0;0;0;0;0;0;0;0;0;0;0
0;0;0;0;0;0;0;Q;0;0;0
0;0;0;0;Q;0;0;0;0;0;0"
images/1798/nqueens.jpg,"0;0;0;0;0;Q;0;0;0;0;0
Q;0;0;0;0;0;0;0;0;0;0
0;0;0;0;0;0;0;0;0;0;0
0;0;0;0;0;0;Q;0;0;0;0
0;0;0;0;Q;0;0;0;0;0;0
0;0;Q;0;0;0;0;0;0;0;0
0;0;0;0;0;0;0;0;Q;0;0
0;0;0;Q;0;0;0;0;0;0;0
0;0;0;0;0;0;0;0;0;0;0
0;0;0;0;0;0;0;Q;0;0;0
0;Q;0;0;0;0;0;0;0;0;0"
images/0478/nqueens.jpg,"0;0;0;0;0;0;Q;0;0;0
0;0;0;0;0;0;0;0;0;0
0;0;0;0;0;Q;0;0;0;0
0;0;Q;0;0;0;0;0;0;0
Q;0;0;0;0;0;0;0;0;0
0;0;0;0;0;0;0;Q;0;0
0;0;0;0;Q;0;0;0;0;0
0;Q;0;0;0;0;0;0;0;0
0;0;0;Q;0;0;0;0;0;0
0;0;0;0;0;0;0;0;0;0"
images/0281/nqueens.jpg,"0;0;0;Q;0;0;0;0;0
0;Q;0;0;0;0;0;0;0
0;0;0;0;0;0;0;0;0
0;0;Q;0;0;0;0;0;0
0;0;0;0;0;0;0;0;0
0;0;0;0;0;0;Q;0;0
0;0;0;0;Q;0;0;0;0
Q;0;0;0;0;0;0;0;0
0;0;0;0;0;Q;0;0;0"
images/1647/nqueens.jpg,"0;0;0;Q;0;0;0;0;0;0;0
0;0;0;0;0;0;0;0;Q;0;0
0;0;0;0;Q;0;0;0;0;0;0
0;0;0;0;0;0;0;0;0;0;0
Q;0;0;0;0;0;0;0;0;0;0
0;0;0;0;0;Q;0;0;0;0;0
0;0;0;0;0;0;0;0;0;0;0
0;Q;0;0;0;0;0;0;0;0;0
0;0;0;0;0;0;Q;0;0;0;0
0;0;Q;0;0;0;0;0;0;0;0
0;0;0;0;0;0;0;Q;0;0;0"
images/1556/nqueens.jpg,"0;0;0;0;0;Q;0;0;0;0;0
Q;0;0;0;0;0;0;0;0;0;0
0;0;0;0;0;0;0;0;0;0;0
0;Q;0;0;0;0;0;0;0;0;0
0;0;0;0;0;0;0;0;0;0;0
0;0;0;0;0;0;0;Q;0;0;0
0;0;0;Q;0;0;0;0;0;0;0
0;0;0;0;0;0;0;0;Q;0;0
0;0;Q;0;0;0;0;0;0;0;0
0;0;0;0;Q;0;0;0;0;0;0
0;0;0;0;0;0;Q;0;0;0;0"
images/1729/nqueens.jpg,"0;0;0;0;0;0;0;0;0;0;0
0;0;0;Q;0;0;0;0;0;0;0
0;0;0;0;0;0;Q;0;0;0;0
0;0;Q;0;0;0;0;0;0;0;0
0;0;0;0;0;Q;0;0;0;0;0
0;Q;0;0;0;0;0;0;0;0;0
0;0;0;0;0;0;0;0;0;0;0
Q;0;0;0;0;0;0;0;0;0;0
0;0;0;0;0;0;0;0;Q;0;0
0;0;0;0;Q;0;0;0;0;0;0
0;0;0;0;0;0;0;Q;0;0;0"
images/0210/nqueens.jpg,"0;0;0;0;0;0;0;0;0
0;0;0;0;Q;0;0;0;0
0;Q;0;0;0;0;0;0;0
0;0;0;Q;0;0;0;0;0
Q;0;0;0;0;0;0;0;0
0;0;0;0;0;0;Q;0;0
0;0;0;0;0;0;0;0;0
0;0;Q;0;0;0;0;0;0
0;0;0;0;0;Q;0;0;0"
images/0297/nqueens.jpg,"0;0;0;Q;0;0;0;0;0
0;0;0;0;0;Q;0;0;0
Q;0;0;0;0;0;0;0;0
0;0;0;0;0;0;0;0;0
0;0;0;0;0;0;Q;0;0
0;0;Q;0;0;0;0;0;0
0;0;0;0;0;0;0;0;0
0;Q;0;0;0;0;0;0;0
0;0;0;0;Q;0;0;0;0"
images/1884/nqueens.jpg,"0;0;0;Q;0;0;0;0;0;0;0
Q;0;0;0;0;0;0;0;0;0;0
0;0;0;0;Q;0;0;0;0;0;0
0;0;0;0;0;0;0;Q;0;0;0
0;Q;0;0;0;0;0;0;0;0;0
0;0;0;0;0;0;0;0;0;0;0
0;0;0;0;0;0;Q;0;0;0;0
0;0;Q;0;0;0;0;0;0;0;0
0;0;0;0;0;0;0;0;0;0;0
0;0;0;0;0;Q;0;0;0;0;0
0;0;0;0;0;0;0;0;Q;0;0"
images/1833/nqueens.jpg,"0;0;0;0;0;Q;0;0;0;0;0
0;0;Q;0;0;0;0;0;0;0;0
0;0;0;0;0;0;0;0;Q;0;0
0;0;0;0;0;0;0;0;0;0;0
0;0;0;Q;0;0;0;0;0;0;0
0;0;0;0;0;0;0;Q;0;0;0
Q;0;0;0;0;0;0;0;0;0;0
0;0;0;0;Q;0;0;0;0;0;0
0;Q;0;0;0;0;0;0;0;0;0
0;0;0;0;0;0;0;0;0;0;0
0;0;0;0;0;0;Q;0;0;0;0"
images/0651/nqueens.jpg,"0;0;0;0;0;0;0;0;0;0
0;Q;0;0;0;0;0;0;0;0
0;0;0;0;0;0;0;0;0;0
0;0;Q;0;0;0;0;0;0;0
0;0;0;0;0;Q;0;0;0;0
0;0;0;0;0;0;0;Q;0;0
Q;0;0;0;0;0;0;0;0;0
0;0;0;Q;0;0;0;0;0;0
0;0;0;0;0;0;Q;0;0;0
0;0;0;0;Q;0;0;0;0;0"
images/1233/nqueens.jpg,"0;0;0;0;0;Q;0;0;0;0;0
0;0;0;0;0;0;0;Q;0;0;0
0;0;Q;0;0;0;0;0;0;0;0
0;0;0;0;0;0;Q;0;0;0;0
0;0;0;Q;0;0;0;0;0;0;0
0;0;0;0;0;0;0;0;0;0;0
Q;0;0;0;0;0;0;0;0;0;0
0;0;0;0;0;0;0;0;Q;0;0
0;0;0;0;0;0;0;0;0;0;0
0;0;0;0;Q;0;0;0;0;0;0
0;Q;0;0;0;0;0;0;0;0;0"
images/1502/nqueens.jpg,"0;0;0;0;0;0;Q;0;0;0;0
0;0;0;0;Q;0;0;0;0;0;0
0;0;0;0;0;0;0;0;0;0;0
0;Q;0;0;0;0;0;0;0;0;0
0;0;0;0;0;Q;0;0;0;0;0
0;0;Q;0;0;0;0;0;0;0;0
0;0;0;0;0;0;0;0;0;0;0
0;0;0;0;0;0;0;Q;0;0;0
Q;0;0;0;0;0;0;0;0;0;0
0;0;0;0;0;0;0;0;Q;0;0
0;0;0;Q;0;0;0;0;0;0;0"
images/1931/nqueens.jpg,"0;0;0;0;0;0;Q;0;0;0;0
Q;0;0;0;0;0;0;0;0;0;0
0;0;0;0;0;Q;0;0;0;0;0
0;0;0;0;0;0;0;Q;0;0;0
0;0;0;0;0;0;0;0;0;0;0
0;0;0;Q;0;0;0;0;0;0;0
0;0;0;0;0;0;0;0;Q;0;0
0;0;Q;0;0;0;0;0;0;0;0
0;0;0;0;Q;0;0;0;0;0;0
0;0;0;0;0;0;0;0;0;0;0
0;Q;0;0;0;0;0;0;0;0;0"
