image_path,text_representation_start-position
images/1860/maze_1860.jpg,"1;1;1;1;1;1;1;1;1;1;1;1;1
S;0;0;0;0;0;1;0;0;0;1;0;1
1;1;1;1;1;0;1;0;1;0;1;0;1
1;0;0;0;1;0;1;0;1;0;0;0;1
1;0;1;1;1;0;1;0;1;1;1;0;1
1;0;0;0;0;0;0;0;1;0;0;0;E
1;1;1;1;1;1;1;1;1;1;1;1;1"
images/0353/maze_0353.jpg,"1;1;1;1;1;1;1;1;1;1;1;1;1;1;1
S;0;0;0;0;0;1;0;1;0;0;0;0;0;1
1;1;1;1;1;0;1;0;1;0;1;0;1;1;1
1;0;1;0;0;0;1;0;0;0;1;0;0;0;1
1;0;1;0;1;1;1;0;1;1;1;1;1;0;1
1;0;0;0;1;0;0;0;0;0;0;0;1;0;1
1;0;1;1;1;0;1;1;1;1;1;0;1;0;1
1;0;0;0;1;0;1;0;0;0;1;0;1;0;1
1;1;1;0;1;1;1;0;1;0;1;1;1;0;1
1;0;0;0;0;0;0;0;1;0;0;0;0;0;1
1;1;1;1;1;1;1;1;1;1;1;1;1;E;1"
images/1333/maze_1333.jpg,"1;1;1;1;1;1;1;1;1;1;1
S;0;1;0;0;0;0;0;1;0;1
1;0;1;1;1;0;1;0;1;0;1
1;0;0;0;1;0;1;0;1;0;1
1;1;1;0;1;0;1;0;1;0;1
1;0;0;0;0;0;1;0;0;0;1
1;1;1;1;1;1;1;1;1;E;1"
images/0905/maze_0905.jpg,"1;1;1;1;1;1;1;1;1
S;0;0;0;0;0;1;0;1
1;1;1;1;1;0;1;0;1
1;0;0;0;1;0;1;0;1
1;0;1;1;1;0;1;0;1
1;0;0;0;1;0;1;0;1
1;0;1;0;1;0;1;0;1
1;0;1;0;0;0;1;0;1
1;0;1;1;1;1;1;0;1
1;0;0;0;0;0;0;0;1
1;1;1;1;1;1;1;0;1
1;0;0;0;0;0;0;0;E
1;1;1;1;1;1;1;1;1"
images/1289/maze_1289.jpg,"1;1;1;1;1;1;1
S;0;1;0;0;0;1
1;0;1;0;1;0;1
1;0;0;0;1;0;1
1;1;1;1;1;0;1
1;0;0;0;1;0;1
1;0;1;1;1;0;1
1;0;1;0;0;0;1
1;0;1;0;1;1;1
1;0;1;0;1;0;1
1;0;1;0;1;0;1
1;0;1;0;0;0;1
1;0;1;1;1;0;1
1;0;0;0;0;0;1
1;1;1;1;1;E;1"
images/1273/maze_1273.jpg,"1;1;1;1;1;1;1;1;1;1;1
S;0;1;0;0;0;0;0;0;0;1
1;0;1;0;1;1;1;1;1;0;1
1;0;1;0;0;0;1;0;0;0;1
1;0;1;0;1;0;1;0;1;1;1
1;0;1;0;1;0;1;0;1;0;1
1;0;1;1;1;0;1;0;1;0;1
1;0;0;0;0;0;1;0;0;0;1
1;1;1;1;1;1;1;1;1;E;1"
images/0938/maze_0938.jpg,"1;1;1;1;1;1;1
S;0;0;0;0;0;1
1;1;1;1;1;0;1
1;0;0;0;1;0;1
1;0;1;1;1;0;1
1;0;0;0;0;0;E
1;1;1;1;1;1;1"
images/1731/maze_1731.jpg,"1;1;1;1;1;1;1
S;0;1;0;0;0;1
1;0;1;0;1;0;1
1;0;1;0;1;0;1
1;0;1;0;1;1;1
1;0;1;0;0;0;1
1;0;1;0;1;0;1
1;0;1;0;1;0;1
1;0;1;1;1;0;1
1;0;0;0;0;0;1
1;1;1;1;1;0;1
1;0;0;0;0;0;1
1;0;1;1;1;1;1
1;0;0;0;0;0;1
1;1;1;1;1;E;1"
images/0065/maze_0065.jpg,"1;1;1;1;1;1;1;1;1
S;0;1;0;0;0;0;0;1
1;0;1;1;1;0;1;1;1
1;0;0;0;1;0;0;0;1
1;1;1;0;1;1;1;0;1
1;0;0;0;1;0;0;0;1
1;0;1;1;1;0;1;0;1
1;0;0;0;1;0;1;0;1
1;1;1;0;1;0;1;1;1
1;0;1;0;1;0;0;0;1
1;0;1;0;1;1;1;0;1
1;0;0;0;1;0;0;0;1
1;0;1;1;1;0;1;0;1
1;0;0;0;0;0;1;0;1
1;1;1;1;1;1;1;E;1"
images/1323/maze_1323.jpg,"1;1;1;1;1;1;1;1;1;1;1;1;1
S;0;0;0;1;0;0;0;0;0;0;0;1
1;1;1;0;1;0;1;1;1;0;1;0;1
1;0;0;0;1;0;0;0;1;0;1;0;1
1;0;1;1;1;1;1;0;1;0;1;0;1
1;0;0;0;1;0;0;0;1;0;1;0;1
1;1;1;0;1;1;1;1;1;0;1;0;1
1;0;1;0;1;0;0;0;1;0;1;0;1
1;0;1;0;1;0;1;0;1;0;1;1;1
1;0;1;0;0;0;1;0;1;0;0;0;1
1;0;1;1;1;1;1;0;1;1;1;0;1
1;0;0;0;0;0;0;0;0;0;0;0;E
1;1;1;1;1;1;1;1;1;1;1;1;1"
images/0056/maze_0056.jpg,"1;1;1;1;1;1;1;1;1;1;1
S;0;0;0;1;0;0;0;1;0;1
1;1;1;0;1;0;1;0;1;0;1
1;0;1;0;0;0;1;0;0;0;1
1;0;1;1;1;1;1;1;1;0;1
1;0;0;0;1;0;0;0;1;0;1
1;0;1;0;1;0;1;1;1;0;1
1;0;1;0;0;0;1;0;0;0;1
1;0;1;1;1;1;1;0;1;1;1
1;0;0;0;0;0;0;0;1;0;1
1;0;1;1;1;1;1;1;1;0;1
1;0;1;0;0;0;1;0;0;0;1
1;0;1;0;1;0;1;1;1;0;1
1;0;0;0;1;0;0;0;0;0;E
1;1;1;1;1;1;1;1;1;1;1"
images/1292/maze_1292.jpg,"1;1;1;1;1;1;1;1;1;1;1
S;0;1;0;0;0;0;0;0;0;1
1;0;1;1;1;0;1;1;1;1;1
1;0;0;0;1;0;1;0;0;0;1
1;1;1;0;1;0;1;0;1;0;1
1;0;1;0;1;0;0;0;1;0;1
1;0;1;0;1;1;1;1;1;0;1
1;0;0;0;0;0;0;0;0;0;1
1;1;1;1;1;1;1;1;1;E;1"
images/1118/maze_1118.jpg,"1;1;1;1;1;1;1;1;1
S;0;1;0;0;0;0;0;1
1;0;1;1;1;0;1;1;1
1;0;0;0;1;0;0;0;1
1;1;1;0;1;1;1;0;1
1;0;1;0;0;0;0;0;1
1;0;1;1;1;1;1;0;1
1;0;0;0;0;0;0;0;1
1;0;1;1;1;1;1;1;1
1;0;0;0;0;0;0;0;E
1;1;1;1;1;1;1;1;1"
images/0584/maze_0584.jpg,"1;1;1;1;1;1;1
S;0;1;0;0;0;1
1;0;1;0;1;0;1
1;0;0;0;1;0;1
1;1;1;1;1;0;1
1;0;1;0;0;0;1
1;0;1;0;1;1;1
1;0;0;0;1;0;1
1;0;1;1;1;0;1
1;0;1;0;0;0;1
1;0;1;0;1;0;1
1;0;0;0;1;0;E
1;1;1;1;1;1;1"
images/0374/maze_0374.jpg,"1;1;1;1;1;1;1;1;1;1;1;1;1;1;1
S;0;0;0;1;0;0;0;1;0;0;0;0;0;1
1;1;1;0;1;0;1;1;1;0;1;1;1;0;1
1;0;1;0;1;0;0;0;1;0;0;0;1;0;1
1;0;1;0;1;1;1;0;1;1;1;0;1;0;1
1;0;1;0;0;0;1;0;0;0;0;0;1;0;1
1;0;1;1;1;0;1;0;1;1;1;1;1;0;1
1;0;0;0;1;0;1;0;0;0;0;0;1;0;1
1;0;1;1;1;0;1;1;1;1;1;0;1;0;1
1;0;0;0;0;0;1;0;0;0;0;0;1;0;1
1;0;1;1;1;1;1;1;1;1;1;1;1;0;1
1;0;1;0;0;0;0;0;0;0;1;0;0;0;1
1;0;1;1;1;1;1;0;1;0;1;0;1;0;1
1;0;0;0;0;0;0;0;1;0;0;0;1;0;1
1;1;1;1;1;1;1;1;1;1;1;1;1;E;1"
images/0275/maze_0275.jpg,"1;1;1;1;1;1;1
S;0;0;0;0;0;1
1;1;1;1;1;0;1
1;0;0;0;1;0;1
1;0;1;1;1;0;1
1;0;1;0;0;0;1
1;0;1;0;1;1;1
1;0;1;0;0;0;1
1;0;1;1;1;0;1
1;0;0;0;0;0;1
1;0;1;1;1;1;1
1;0;1;0;0;0;1
1;0;1;0;1;0;1
1;0;0;0;1;0;E
1;1;1;1;1;1;1"
images/0746/maze_0746.jpg,"1;1;1;1;1;1;1;1;1
S;0;1;0;0;0;0;0;1
1;0;1;1;1;1;1;0;1
1;0;0;0;0;0;0;0;1
1;1;1;1;1;1;1;0;1
1;0;0;0;0;0;1;0;1
1;0;1;1;1;0;1;0;1
1;0;0;0;1;0;1;0;1
1;1;1;1;1;0;1;0;1
1;0;0;0;0;0;1;0;1
1;0;1;1;1;1;1;0;1
1;0;0;0;0;0;0;0;1
1;1;1;1;1;1;1;E;1"
images/0128/maze_0128.jpg,"1;1;1;1;1;1;1;1;1;1;1;1;1;1;1
S;0;0;0;1;0;0;0;0;0;1;0;0;0;1
1;1;1;0;1;0;1;0;1;1;1;0;1;0;1
1;0;0;0;1;0;1;0;0;0;0;0;1;0;1
1;0;1;1;1;1;1;0;1;1;1;1;1;0;1
1;0;1;0;0;0;1;0;1;0;0;0;0;0;1
1;0;1;0;1;0;1;1;1;0;1;1;1;0;1
1;0;0;0;1;0;0;0;0;0;1;0;0;0;1
1;1;1;1;1;1;1;1;1;1;1;1;1;E;1"
images/1646/maze_1646.jpg,"1;1;1;1;1;1;1;1;1
S;0;1;0;0;0;0;0;1
1;0;1;1;1;0;1;1;1
1;0;0;0;1;0;0;0;1
1;1;1;0;1;1;1;0;1
1;0;0;0;0;0;0;0;1
1;1;1;1;1;1;1;E;1"
images/1852/maze_1852.jpg,"1;1;1;1;1;1;1
S;0;1;0;0;0;1
1;0;1;1;1;0;1
1;0;0;0;0;0;1
1;1;1;1;1;0;1
1;0;0;0;1;0;1
1;0;1;1;1;0;1
1;0;1;0;0;0;1
1;0;1;0;1;1;1
1;0;0;0;0;0;E
1;1;1;1;1;1;1"
images/0674/maze_0674.jpg,"1;1;1;1;1;1;1
S;0;0;0;1;0;1
1;1;1;0;1;0;1
1;0;1;0;1;0;1
1;0;1;0;1;0;1
1;0;1;0;1;0;1
1;0;1;0;1;0;1
1;0;0;0;1;0;1
1;0;1;1;1;0;1
1;0;0;0;0;0;E
1;1;1;1;1;1;1"
images/1664/maze_1664.jpg,"1;1;1;1;1;1;1;1;1;1;1;1;1
S;0;1;0;0;0;0;0;1;0;0;0;1
1;0;1;0;1;1;1;0;1;0;1;1;1
1;0;0;0;1;0;0;0;1;0;0;0;1
1;1;1;1;1;0;1;1;1;1;1;0;1
1;0;0;0;0;0;1;0;0;0;0;0;1
1;0;1;1;1;1;1;0;1;1;1;0;1
1;0;0;0;0;0;1;0;1;0;0;0;1
1;1;1;1;1;0;1;0;1;0;1;1;1
1;0;0;0;1;0;1;0;1;0;0;0;1
1;0;1;0;1;0;1;0;1;1;1;0;1
1;0;1;0;0;0;0;0;1;0;0;0;1
1;1;1;1;1;1;1;1;1;1;1;E;1"
images/1981/maze_1981.jpg,"1;1;1;1;1;1;1;1;1
S;0;1;0;0;0;0;0;1
1;0;1;1;1;1;1;0;1
1;0;0;0;0;0;1;0;1
1;1;1;1;1;0;1;0;1
1;0;0;0;1;0;0;0;1
1;0;1;1;1;1;1;0;1
1;0;1;0;0;0;1;0;1
1;0;1;0;1;0;1;0;1
1;0;0;0;1;0;0;0;1
1;1;1;1;1;1;1;E;1"
images/1083/maze_1083.jpg,"1;1;1;1;1;1;1;1;1;1;1
S;0;1;0;0;0;0;0;0;0;1
1;0;1;0;1;1;1;1;1;0;1
1;0;1;0;1;0;0;0;0;0;1
1;0;1;0;1;1;1;1;1;1;1
1;0;1;0;0;0;0;0;0;0;1
1;0;1;1;1;1;1;1;1;0;1
1;0;0;0;1;0;0;0;0;0;1
1;1;1;0;1;0;1;1;1;0;1
1;0;0;0;1;0;1;0;1;0;1
1;0;1;1;1;0;1;0;1;0;1
1;0;0;0;0;0;1;0;1;0;1
1;1;1;1;1;1;1;0;1;0;1
1;0;0;0;0;0;0;0;0;0;E
1;1;1;1;1;1;1;1;1;1;1"
images/1922/maze_1922.jpg,"1;1;1;1;1;1;1;1;1
S;0;0;0;1;0;0;0;1
1;1;1;0;1;1;1;0;1
1;0;1;0;0;0;0;0;1
1;0;1;1;1;1;1;0;1
1;0;1;0;0;0;1;0;1
1;0;1;0;1;0;1;0;1
1;0;0;0;1;0;0;0;E
1;1;1;1;1;1;1;1;1"
images/0099/maze_0099.jpg,"1;1;1;1;1;1;1;1;1;1;1;1;1
S;0;1;0;0;0;0;0;1;0;0;0;1
1;0;1;0;1;1;1;0;1;1;1;0;1
1;0;0;0;1;0;1;0;1;0;0;0;1
1;1;1;1;1;0;1;0;1;0;1;0;1
1;0;0;0;0;0;1;0;1;0;1;0;1
1;0;1;1;1;0;1;0;1;0;1;0;1
1;0;0;0;1;0;0;0;0;0;1;0;E
1;1;1;1;1;1;1;1;1;1;1;1;1"
images/1179/maze_1179.jpg,"1;1;1;1;1;1;1
S;0;0;0;1;0;1
1;1;1;0;1;0;1
1;0;0;0;1;0;1
1;0;1;1;1;0;1
1;0;1;0;0;0;1
1;0;1;0;1;0;1
1;0;0;0;1;0;1
1;1;1;1;1;E;1"
images/0964/maze_0964.jpg,"1;1;1;1;1;1;1;1;1;1;1;1;1;1;1
S;0;0;0;0;0;1;0;1;0;0;0;0;0;1
1;1;1;1;1;0;1;0;1;0;1;0;1;1;1
1;0;0;0;1;0;1;0;0;0;1;0;0;0;1
1;1;1;0;1;0;1;0;1;1;1;1;1;0;1
1;0;0;0;1;0;1;0;0;0;0;0;1;0;1
1;0;1;1;1;0;1;1;1;1;1;1;1;0;1
1;0;0;0;0;0;1;0;0;0;0;0;0;0;1
1;0;1;1;1;1;1;0;1;1;1;1;1;1;1
1;0;0;0;0;0;1;0;0;0;0;0;0;0;1
1;1;1;1;1;0;1;0;1;1;1;1;1;0;1
1;0;0;0;0;0;1;0;1;0;0;0;0;0;1
1;0;1;1;1;1;1;1;1;0;1;1;1;0;1
1;0;0;0;0;0;0;0;0;0;1;0;0;0;E
1;1;1;1;1;1;1;1;1;1;1;1;1;1;1"
images/0792/maze_0792.jpg,"1;1;1;1;1;1;1
S;0;0;0;1;0;1
1;1;1;0;1;0;1
1;0;1;0;1;0;1
1;0;1;0;1;0;1
1;0;1;0;0;0;1
1;0;1;1;1;0;1
1;0;1;0;0;0;1
1;0;1;0;1;1;1
1;0;0;0;1;0;1
1;0;1;1;1;0;1
1;0;1;0;0;0;1
1;0;1;0;1;0;1
1;0;0;0;1;0;1
1;1;1;1;1;E;1"
images/0029/maze_0029.jpg,"1;1;1;1;1;1;1;1;1
S;0;1;0;0;0;0;0;1
1;0;1;1;1;0;1;0;1
1;0;0;0;0;0;1;0;1
1;1;1;1;1;1;1;0;1
1;0;0;0;0;0;0;0;1
1;0;1;1;1;1;1;1;1
1;0;0;0;0;0;1;0;1
1;1;1;1;1;0;1;0;1
1;0;0;0;1;0;0;0;1
1;0;1;1;1;1;1;0;1
1;0;0;0;0;0;0;0;E
1;1;1;1;1;1;1;1;1"
images/0628/maze_0628.jpg,"1;1;1;1;1;1;1;1;1
S;0;1;0;0;0;0;0;1
1;0;1;0;1;1;1;0;1
1;0;0;0;1;0;1;0;1
1;1;1;1;1;0;1;0;1
1;0;1;0;0;0;1;0;1
1;0;1;0;1;0;1;0;1
1;0;1;0;1;0;0;0;1
1;0;1;0;1;1;1;1;1
1;0;1;0;0;0;0;0;1
1;0;1;1;1;1;1;0;1
1;0;0;0;0;0;0;0;E
1;1;1;1;1;1;1;1;1"
images/0944/maze_0944.jpg,"1;1;1;1;1;1;1
S;0;0;0;1;0;1
1;1;1;0;1;0;1
1;0;0;0;1;0;1
1;0;1;1;1;0;1
1;0;0;0;1;0;1
1;1;1;0;1;0;1
1;0;0;0;0;0;1
1;1;1;1;1;E;1"
images/0572/maze_0572.jpg,"1;1;1;1;1;1;1;1;1;1;1;1;1
S;0;1;0;0;0;0;0;1;0;0;0;1
1;0;1;0;1;1;1;0;1;0;1;1;1
1;0;0;0;1;0;0;0;1;0;0;0;1
1;1;1;1;1;0;1;1;1;1;1;0;1
1;0;0;0;0;0;1;0;0;0;0;0;1
1;0;1;1;1;1;1;1;1;0;1;0;1
1;0;0;0;0;0;0;0;0;0;1;0;1
1;1;1;1;1;1;1;1;1;1;1;0;1
1;0;0;0;0;0;0;0;0;0;0;0;E
1;1;1;1;1;1;1;1;1;1;1;1;1"
images/0907/maze_0907.jpg,"1;1;1;1;1;1;1;1;1;1;1
S;0;0;0;1;0;0;0;0;0;1
1;1;1;0;1;1;1;0;1;0;1
1;0;1;0;1;0;0;0;1;0;1
1;0;1;0;1;0;1;1;1;0;1
1;0;1;0;1;0;1;0;0;0;1
1;0;1;0;1;0;1;1;1;1;1
1;0;0;0;1;0;0;0;0;0;1
1;0;1;1;1;1;1;1;1;0;1
1;0;0;0;1;0;0;0;1;0;1
1;1;1;0;1;0;1;0;1;0;1
1;0;0;0;0;0;1;0;0;0;E
1;1;1;1;1;1;1;1;1;1;1"
images/1080/maze_1080.jpg,"1;1;1;1;1;1;1;1;1;1;1;1;1;1;1
S;0;1;0;0;0;1;0;0;0;0;0;0;0;1
1;0;1;0;1;0;1;0;1;1;1;0;1;1;1
1;0;1;0;1;0;0;0;0;0;1;0;0;0;1
1;0;1;1;1;0;1;1;1;1;1;1;1;0;1
1;0;0;0;1;0;1;0;0;0;1;0;0;0;1
1;1;1;0;1;1;1;0;1;0;1;0;1;0;1
1;0;1;0;0;0;1;0;1;0;0;0;1;0;1
1;0;1;1;1;0;1;0;1;1;1;1;1;0;1
1;0;1;0;0;0;1;0;0;0;0;0;1;0;1
1;0;1;0;1;1;1;1;1;0;1;0;1;0;1
1;0;1;0;0;0;0;0;1;0;1;0;1;0;1
1;0;1;1;1;1;1;0;1;1;1;0;1;0;1
1;0;0;0;0;0;0;0;0;0;0;0;1;0;1
1;1;1;1;1;1;1;1;1;1;1;1;1;E;1"
images/0450/maze_0450.jpg,"1;1;1;1;1;1;1;1;1
S;0;1;0;0;0;0;0;1
1;0;1;0;1;1;1;0;1
1;0;1;0;1;0;0;0;1
1;0;1;1;1;0;1;0;1
1;0;0;0;0;0;1;0;1
1;1;1;1;1;1;1;E;1"
images/1609/maze_1609.jpg,"1;1;1;1;1;1;1
S;0;0;0;1;0;1
1;1;1;0;1;0;1
1;0;1;0;1;0;1
1;0;1;0;1;0;1
1;0;0;0;1;0;1
1;0;1;1;1;0;1
1;0;0;0;0;0;1
1;1;1;1;1;E;1"
images/1290/maze_1290.jpg,"1;1;1;1;1;1;1;1;1;1;1
S;0;0;0;0;0;1;0;0;0;1
1;1;1;1;1;0;1;0;1;0;1
1;0;0;0;1;0;1;0;1;0;1
1;0;1;1;1;0;1;1;1;0;1
1;0;0;0;0;0;0;0;0;0;1
1;1;1;1;1;1;1;1;1;E;1"
images/1078/maze_1078.jpg,"1;1;1;1;1;1;1;1;1;1;1
S;0;1;0;0;0;0;0;0;0;1
1;0;1;0;1;1;1;1;1;0;1
1;0;0;0;1;0;0;0;1;0;1
1;1;1;1;1;0;1;1;1;0;1
1;0;0;0;1;0;0;0;0;0;1
1;0;1;1;1;0;1;1;1;1;1
1;0;0;0;0;0;0;0;0;0;1
1;1;1;1;1;1;1;1;1;E;1"
images/0254/maze_0254.jpg,"1;1;1;1;1;1;1;1;1;1;1;1;1
S;0;1;0;0;0;1;0;0;0;0;0;1
1;0;1;0;1;0;1;0;1;1;1;1;1
1;0;0;0;1;0;1;0;0;0;0;0;1
1;1;1;1;1;0;1;1;1;1;1;0;1
1;0;0;0;1;0;0;0;0;0;1;0;1
1;0;1;0;1;1;1;1;1;0;1;0;1
1;0;1;0;0;0;0;0;1;0;1;0;1
1;0;1;1;1;1;1;0;1;0;1;0;1
1;0;0;0;0;0;1;0;0;0;1;0;1
1;1;1;1;1;0;1;1;1;1;1;0;1
1;0;0;0;0;0;0;0;0;0;0;0;E
1;1;1;1;1;1;1;1;1;1;1;1;1"
images/0124/maze_0124.jpg,"1;1;1;1;1;1;1;1;1;1;1
S;0;1;0;0;0;0;0;0;0;1
1;0;1;0;1;0;1;1;1;0;1
1;0;1;0;1;0;1;0;1;0;1
1;0;1;1;1;0;1;0;1;0;1
1;0;0;0;0;0;1;0;0;0;1
1;1;1;1;1;1;1;0;1;1;1
1;0;1;0;0;0;0;0;1;0;1
1;0;1;0;1;1;1;1;1;0;1
1;0;1;0;0;0;0;0;1;0;1
1;0;1;1;1;1;1;0;1;0;1
1;0;0;0;0;0;1;0;1;0;1
1;0;1;0;1;1;1;0;1;0;1
1;0;1;0;0;0;0;0;0;0;1
1;1;1;1;1;1;1;1;1;E;1"
images/1927/maze_1927.jpg,"1;1;1;1;1;1;1;1;1;1;1;1;1
S;0;0;0;1;0;0;0;0;0;1;0;1
1;1;1;0;1;0;1;1;1;0;1;0;1
1;0;1;0;1;0;1;0;0;0;1;0;1
1;0;1;0;1;0;1;0;1;1;1;0;1
1;0;0;0;1;0;1;0;0;0;1;0;1
1;0;1;1;1;0;1;1;1;0;1;0;1
1;0;0;0;0;0;1;0;0;0;0;0;E
1;1;1;1;1;1;1;1;1;1;1;1;1"
images/0251/maze_0251.jpg,"1;1;1;1;1;1;1;1;1;1;1
S;0;1;0;0;0;0;0;0;0;1
1;0;1;0;1;0;1;1;1;1;1
1;0;1;0;1;0;0;0;0;0;1
1;0;1;1;1;1;1;1;1;0;1
1;0;0;0;0;0;0;0;1;0;1
1;1;1;1;1;1;1;0;1;0;1
1;0;0;0;0;0;0;0;0;0;E
1;1;1;1;1;1;1;1;1;1;1"
images/0585/maze_0585.jpg,"1;1;1;1;1;1;1;1;1
S;0;1;0;0;0;0;0;1
1;0;1;1;1;1;1;0;1
1;0;0;0;0;0;1;0;1
1;1;1;1;1;0;1;0;1
1;0;0;0;0;0;0;0;1
1;1;1;1;1;1;1;E;1"
images/1568/maze_1568.jpg,"1;1;1;1;1;1;1;1;1
S;0;1;0;0;0;0;0;1
1;0;1;1;1;0;1;0;1
1;0;0;0;0;0;1;0;1
1;1;1;1;1;1;1;0;1
1;0;0;0;0;0;0;0;1
1;1;1;1;1;1;1;E;1"
images/0824/maze_0824.jpg,"1;1;1;1;1;1;1;1;1;1;1;1;1;1;1
S;0;1;0;1;0;0;0;0;0;1;0;0;0;1
1;0;1;0;1;0;1;1;1;0;1;0;1;0;1
1;0;1;0;0;0;0;0;1;0;0;0;1;0;1
1;0;1;1;1;0;1;1;1;1;1;1;1;0;1
1;0;0;0;1;0;1;0;0;0;0;0;1;0;1
1;1;1;0;1;1;1;0;1;1;1;0;1;0;1
1;0;1;0;1;0;0;0;1;0;0;0;1;0;1
1;0;1;0;1;0;1;1;1;0;1;1;1;0;1
1;0;0;0;0;0;1;0;0;0;0;0;0;0;E
1;1;1;1;1;1;1;1;1;1;1;1;1;1;1"
images/0507/maze_0507.jpg,"1;1;1;1;1;1;1;1;1;1;1;1;1;1;1
S;0;1;0;0;0;0;0;0;0;1;0;0;0;1
1;0;1;1;1;1;1;1;1;0;1;0;1;0;1
1;0;0;0;0;0;0;0;1;0;0;0;1;0;1
1;1;1;1;1;1;1;0;1;0;1;1;1;0;1
1;0;0;0;0;0;0;0;1;0;1;0;0;0;1
1;0;1;1;1;1;1;1;1;1;1;0;1;0;1
1;0;0;0;0;0;0;0;0;0;0;0;1;0;1
1;1;1;1;1;1;1;1;1;1;1;1;1;E;1"
images/0889/maze_0889.jpg,"1;1;1;1;1;1;1;1;1;1;1
S;0;1;0;0;0;0;0;1;0;1
1;0;1;0;1;1;1;0;1;0;1
1;0;1;0;0;0;1;0;1;0;1
1;0;1;1;1;0;1;0;1;0;1
1;0;0;0;0;0;1;0;0;0;E
1;1;1;1;1;1;1;1;1;1;1"
images/0070/maze_0070.jpg,"1;1;1;1;1;1;1;1;1
S;0;0;0;1;0;0;0;1
1;1;1;0;1;0;1;0;1
1;0;0;0;1;0;1;0;1
1;0;1;1;1;1;1;0;1
1;0;0;0;0;0;0;0;1
1;1;1;1;1;1;1;0;1
1;0;0;0;0;0;0;0;1
1;1;1;1;1;1;1;E;1"
images/1608/maze_1608.jpg,"1;1;1;1;1;1;1;1;1
S;0;1;0;0;0;0;0;1
1;0;1;0;1;1;1;0;1
1;0;1;0;1;0;0;0;1
1;0;1;1;1;0;1;1;1
1;0;0;0;1;0;0;0;1
1;1;1;0;1;1;1;0;1
1;0;1;0;1;0;0;0;1
1;0;1;0;1;0;1;1;1
1;0;1;0;1;0;0;0;1
1;0;1;0;1;0;1;0;1
1;0;1;0;1;0;1;0;1
1;0;1;0;1;1;1;0;1
1;0;0;0;0;0;0;0;E
1;1;1;1;1;1;1;1;1"
images/1532/maze_1532.jpg,"1;1;1;1;1;1;1;1;1;1;1;1;1;1;1
S;0;0;0;0;0;1;0;1;0;0;0;0;0;1
1;1;1;1;1;0;1;0;1;0;1;1;1;0;1
1;0;0;0;0;0;1;0;0;0;1;0;0;0;1
1;0;1;1;1;1;1;0;1;1;1;0;1;0;1
1;0;0;0;1;0;1;0;1;0;0;0;1;0;1
1;1;1;0;1;0;1;0;1;0;1;1;1;0;1
1;0;0;0;1;0;0;0;1;0;1;0;1;0;1
1;0;1;1;1;1;1;1;1;0;1;0;1;0;1
1;0;0;0;0;0;0;0;0;0;1;0;0;0;E
1;1;1;1;1;1;1;1;1;1;1;1;1;1;1"
images/0247/maze_0247.jpg,"1;1;1;1;1;1;1;1;1;1;1;1;1;1;1
S;0;0;0;1;0;1;0;0;0;0;0;0;0;1
1;1;1;0;1;0;1;0;1;1;1;0;1;0;1
1;0;1;0;1;0;1;0;1;0;1;0;1;0;1
1;0;1;0;1;0;1;0;1;0;1;0;1;0;1
1;0;1;0;1;0;0;0;0;0;1;0;1;0;1
1;0;1;0;1;1;1;1;1;1;1;0;1;1;1
1;0;1;0;0;0;0;0;0;0;1;0;0;0;1
1;0;1;1;1;1;1;1;1;0;1;0;1;0;1
1;0;1;0;0;0;1;0;0;0;1;0;1;0;1
1;0;1;0;1;0;1;0;1;1;1;1;1;0;1
1;0;0;0;1;0;0;0;1;0;0;0;0;0;1
1;0;1;1;1;1;1;1;1;0;1;1;1;0;1
1;0;0;0;0;0;0;0;0;0;1;0;0;0;E
1;1;1;1;1;1;1;1;1;1;1;1;1;1;1"
images/1450/maze_1450.jpg,"1;1;1;1;1;1;1;1;1;1;1;1;1
S;0;1;0;0;0;0;0;0;0;0;0;1
1;0;1;0;1;1;1;1;1;1;1;0;1
1;0;1;0;0;0;0;0;0;0;1;0;1
1;0;1;1;1;1;1;1;1;1;1;0;1
1;0;0;0;0;0;0;0;0;0;1;0;1
1;1;1;1;1;1;1;1;1;0;1;0;1
1;0;0;0;0;0;1;0;0;0;1;0;1
1;0;1;0;1;1;1;0;1;1;1;0;1
1;0;1;0;0;0;0;0;0;0;0;0;1
1;1;1;1;1;1;1;1;1;1;1;E;1"
images/0212/maze_0212.jpg,"1;1;1;1;1;1;1
S;0;0;0;0;0;1
1;1;1;1;1;0;1
1;0;0;0;1;0;1
1;1;1;0;1;0;1
1;0;0;0;1;0;1
1;0;1;1;1;0;1
1;0;0;0;0;0;1
1;0;1;1;1;1;1
1;0;0;0;0;0;E
1;1;1;1;1;1;1"
images/0909/maze_0909.jpg,"1;1;1;1;1;1;1;1;1
S;0;1;0;0;0;0;0;1
1;0;1;1;1;0;1;0;1
1;0;1;0;0;0;1;0;1
1;0;1;0;1;1;1;0;1
1;0;0;0;1;0;0;0;1
1;1;1;1;1;0;1;1;1
1;0;0;0;1;0;0;0;1
1;0;1;1;1;1;1;0;1
1;0;1;0;0;0;1;0;1
1;0;1;0;1;0;1;0;1
1;0;0;0;1;0;0;0;1
1;1;1;1;1;1;1;E;1"
images/1741/maze_1741.jpg,"1;1;1;1;1;1;1;1;1;1;1;1;1;1;1
S;0;1;0;0;0;0;0;0;0;1;0;0;0;1
1;0;1;0;1;1;1;1;1;0;1;0;1;0;1
1;0;1;0;0;0;1;0;0;0;1;0;1;0;1
1;0;1;1;1;0;1;1;1;1;1;0;1;0;1
1;0;0;0;1;0;0;0;0;0;0;0;1;0;1
1;1;1;0;1;1;1;1;1;1;1;1;1;0;1
1;0;1;0;0;0;0;0;0;0;1;0;0;0;1
1;0;1;1;1;1;1;1;1;0;1;0;1;0;1
1;0;1;0;0;0;0;0;1;0;1;0;1;0;1
1;0;1;0;1;0;1;1;1;0;1;0;1;0;1
1;0;0;0;1;0;0;0;0;0;0;0;1;0;1
1;1;1;1;1;1;1;1;1;1;1;1;1;E;1"
images/1244/maze_1244.jpg,"1;1;1;1;1;1;1;1;1;1;1
S;0;1;0;0;0;0;0;0;0;1
1;0;1;1;1;0;1;1;1;0;1
1;0;1;0;0;0;1;0;0;0;1
1;0;1;0;1;1;1;0;1;1;1
1;0;1;0;0;0;1;0;1;0;1
1;0;1;1;1;0;1;0;1;0;1
1;0;0;0;0;0;1;0;0;0;1
1;1;1;1;1;1;1;1;1;E;1"
images/1696/maze_1696.jpg,"1;1;1;1;1;1;1;1;1
S;0;1;0;0;0;0;0;1
1;0;1;0;1;1;1;0;1
1;0;1;0;1;0;0;0;1
1;0;1;0;1;0;1;1;1
1;0;1;0;1;0;0;0;1
1;0;1;1;1;1;1;0;1
1;0;0;0;0;0;0;0;E
1;1;1;1;1;1;1;1;1"
images/1182/maze_1182.jpg,"1;1;1;1;1;1;1;1;1;1;1
S;0;1;0;0;0;0;0;0;0;1
1;0;1;0;1;1;1;1;1;0;1
1;0;1;0;0;0;0;0;1;0;1
1;0;1;1;1;1;1;0;1;0;1
1;0;0;0;1;0;0;0;1;0;1
1;1;1;0;1;1;1;1;1;0;1
1;0;1;0;1;0;0;0;1;0;1
1;0;1;0;1;0;1;0;1;0;1
1;0;1;0;1;0;1;0;1;0;1
1;0;1;0;1;0;1;0;1;0;1
1;0;0;0;0;0;1;0;0;0;E
1;1;1;1;1;1;1;1;1;1;1"
images/0361/maze_0361.jpg,"1;1;1;1;1;1;1
S;0;1;0;0;0;1
1;0;1;1;1;0;1
1;0;1;0;0;0;1
1;0;1;0;1;0;1
1;0;0;0;1;0;1
1;1;1;1;1;E;1"
images/1473/maze_1473.jpg,"1;1;1;1;1;1;1;1;1;1;1
S;0;1;0;0;0;0;0;1;0;1
1;0;1;1;1;0;1;0;1;0;1
1;0;0;0;0;0;1;0;1;0;1
1;1;1;1;1;1;1;0;1;0;1
1;0;1;0;0;0;1;0;1;0;1
1;0;1;0;1;0;1;0;1;0;1
1;0;0;0;1;0;0;0;0;0;1
1;1;1;1;1;1;1;1;1;E;1"
images/0678/maze_0678.jpg,"1;1;1;1;1;1;1;1;1;1;1;1;1;1;1
S;0;0;0;1;0;0;0;0;0;0;0;0;0;1
1;1;1;0;1;0;1;1;1;1;1;0;1;1;1
1;0;1;0;1;0;1;0;0;0;1;0;0;0;1
1;0;1;0;1;1;1;0;1;0;1;1;1;0;1
1;0;0;0;1;0;0;0;1;0;0;0;1;0;1
1;0;1;1;1;0;1;1;1;1;1;0;1;0;1
1;0;0;0;0;0;1;0;0;0;0;0;1;0;1
1;1;1;1;1;1;1;0;1;1;1;1;1;0;1
1;0;0;0;0;0;1;0;1;0;0;0;0;0;1
1;0;1;0;1;1;1;0;1;1;1;0;1;0;1
1;0;1;0;0;0;0;0;0;0;0;0;1;0;E
1;1;1;1;1;1;1;1;1;1;1;1;1;1;1"
images/1621/maze_1621.jpg,"1;1;1;1;1;1;1;1;1;1;1
S;0;0;0;1;0;0;0;1;0;1
1;1;1;0;1;0;1;0;1;0;1
1;0;1;0;0;0;1;0;1;0;1
1;0;1;1;1;1;1;0;1;0;1
1;0;0;0;0;0;0;0;0;0;E
1;1;1;1;1;1;1;1;1;1;1"
images/1089/maze_1089.jpg,"1;1;1;1;1;1;1;1;1;1;1;1;1;1;1
S;0;0;0;1;0;1;0;0;0;0;0;0;0;1
1;1;1;0;1;0;1;0;1;1;1;1;1;0;1
1;0;1;0;1;0;0;0;1;0;0;0;0;0;1
1;0;1;0;1;0;1;1;1;0;1;1;1;0;1
1;0;0;0;1;0;1;0;0;0;1;0;1;0;1
1;0;1;1;1;1;1;0;1;1;1;0;1;0;1
1;0;0;0;0;0;0;0;1;0;0;0;0;0;E
1;1;1;1;1;1;1;1;1;1;1;1;1;1;1"
images/1987/maze_1987.jpg,"1;1;1;1;1;1;1
S;0;1;0;0;0;1
1;0;1;1;1;0;1
1;0;0;0;1;0;1
1;1;1;0;1;0;1
1;0;1;0;1;0;1
1;0;1;0;1;0;1
1;0;1;0;1;0;1
1;0;1;0;1;0;1
1;0;0;0;1;0;1
1;0;1;1;1;0;1
1;0;0;0;0;0;1
1;1;1;1;1;E;1"
images/1847/maze_1847.jpg,"1;1;1;1;1;1;1;1;1;1;1
S;0;0;0;0;0;1;0;0;0;1
1;1;1;1;1;0;1;1;1;0;1
1;0;0;0;0;0;1;0;0;0;1
1;0;1;1;1;1;1;0;1;0;1
1;0;0;0;1;0;0;0;1;0;1
1;1;1;0;1;0;1;0;1;0;1
1;0;1;0;1;0;1;0;1;0;1
1;0;1;0;1;1;1;0;1;0;1
1;0;0;0;1;0;0;0;1;0;1
1;0;1;1;1;0;1;1;1;0;1
1;0;0;0;0;0;1;0;0;0;E
1;1;1;1;1;1;1;1;1;1;1"
images/0987/maze_0987.jpg,"1;1;1;1;1;1;1
S;0;0;0;1;0;1
1;1;1;0;1;0;1
1;0;1;0;1;0;1
1;0;1;0;1;0;1
1;0;0;0;0;0;1
1;1;1;1;1;E;1"
images/1512/maze_1512.jpg,"1;1;1;1;1;1;1;1;1;1;1;1;1
S;0;0;0;1;0;0;0;0;0;0;0;1
1;1;1;0;1;1;1;1;1;0;1;0;1
1;0;0;0;1;0;0;0;0;0;1;0;1
1;0;1;1;1;0;1;1;1;1;1;0;1
1;0;1;0;0;0;1;0;0;0;1;0;1
1;0;1;1;1;0;1;1;1;0;1;0;1
1;0;0;0;1;0;1;0;0;0;1;0;1
1;1;1;0;1;0;1;0;1;1;1;0;1
1;0;1;0;0;0;1;0;0;0;0;0;1
1;0;1;1;1;1;1;0;1;1;1;1;1
1;0;0;0;0;0;0;0;0;0;0;0;1
1;1;1;1;1;1;1;1;1;1;1;E;1"
images/0111/maze_0111.jpg,"1;1;1;1;1;1;1;1;1;1;1;1;1;1;1
S;0;1;0;0;0;1;0;0;0;0;0;0;0;1
1;0;1;0;1;0;1;0;1;1;1;1;1;0;1
1;0;0;0;1;0;1;0;0;0;1;0;0;0;1
1;1;1;1;1;0;1;0;1;0;1;0;1;1;1
1;0;0;0;1;0;1;0;1;0;1;0;1;0;1
1;0;1;0;1;0;1;1;1;0;1;0;1;0;1
1;0;1;0;0;0;0;0;0;0;1;0;0;0;E
1;1;1;1;1;1;1;1;1;1;1;1;1;1;1"
images/1487/maze_1487.jpg,"1;1;1;1;1;1;1;1;1;1;1;1;1;1;1
S;0;0;0;1;0;0;0;0;0;0;0;0;0;1
1;1;1;0;1;1;1;1;1;1;1;0;1;1;1
1;0;1;0;0;0;1;0;0;0;1;0;0;0;1
1;0;1;1;1;0;1;0;1;0;1;1;1;0;1
1;0;0;0;0;0;0;0;1;0;0;0;0;0;E
1;1;1;1;1;1;1;1;1;1;1;1;1;1;1"
images/1453/maze_1453.jpg,"1;1;1;1;1;1;1;1;1
S;0;1;0;0;0;0;0;1
1;0;1;0;1;1;1;0;1
1;0;1;0;1;0;0;0;1
1;0;1;0;1;0;1;1;1
1;0;0;0;1;0;1;0;1
1;1;1;1;1;0;1;0;1
1;0;0;0;0;0;0;0;E
1;1;1;1;1;1;1;1;1"
images/0383/maze_0383.jpg,"1;1;1;1;1;1;1;1;1;1;1;1;1
S;0;0;0;0;0;0;0;0;0;0;0;1
1;1;1;1;1;1;1;1;1;1;1;0;1
1;0;0;0;0;0;0;0;0;0;1;0;1
1;0;1;1;1;1;1;1;1;1;1;0;1
1;0;0;0;0;0;1;0;0;0;1;0;1
1;0;1;1;1;0;1;0;1;0;1;0;1
1;0;0;0;1;0;0;0;1;0;0;0;E
1;1;1;1;1;1;1;1;1;1;1;1;1"
images/1395/maze_1395.jpg,"1;1;1;1;1;1;1;1;1;1;1;1;1;1;1
S;0;0;0;1;0;0;0;1;0;0;0;0;0;1
1;1;1;0;1;0;1;0;1;0;1;0;1;1;1
1;0;1;0;0;0;1;0;1;0;1;0;0;0;1
1;0;1;1;1;1;1;0;1;1;1;1;1;0;1
1;0;0;0;0;0;1;0;0;0;0;0;0;0;1
1;1;1;1;1;0;1;1;1;1;1;1;1;0;1
1;0;0;0;0;0;1;0;0;0;1;0;0;0;1
1;0;1;1;1;1;1;0;1;0;1;0;1;1;1
1;0;0;0;0;0;0;0;1;0;0;0;0;0;E
1;1;1;1;1;1;1;1;1;1;1;1;1;1;1"
images/1054/maze_1054.jpg,"1;1;1;1;1;1;1;1;1
S;0;1;0;0;0;0;0;1
1;0;1;1;1;1;1;0;1
1;0;1;0;0;0;0;0;1
1;0;1;0;1;1;1;0;1
1;0;0;0;1;0;1;0;1
1;1;1;1;1;0;1;0;1
1;0;0;0;0;0;0;0;E
1;1;1;1;1;1;1;1;1"
images/0755/maze_0755.jpg,"1;1;1;1;1;1;1
S;0;1;0;0;0;1
1;0;1;0;1;0;1
1;0;1;0;1;0;1
1;0;1;0;1;0;1
1;0;0;0;1;0;1
1;1;1;1;1;0;1
1;0;0;0;1;0;1
1;0;1;1;1;0;1
1;0;0;0;0;0;1
1;1;1;1;1;E;1"
images/0324/maze_0324.jpg,"1;1;1;1;1;1;1;1;1;1;1
S;0;0;0;1;0;0;0;0;0;1
1;1;1;0;1;0;1;0;1;1;1
1;0;1;0;1;0;1;0;0;0;1
1;0;1;0;1;0;1;1;1;0;1
1;0;0;0;1;0;0;0;1;0;1
1;0;1;1;1;1;1;1;1;0;1
1;0;0;0;0;0;0;0;0;0;E
1;1;1;1;1;1;1;1;1;1;1"
images/1623/maze_1623.jpg,"1;1;1;1;1;1;1;1;1
S;0;1;0;0;0;0;0;1
1;0;1;1;1;1;1;0;1
1;0;0;0;1;0;0;0;1
1;1;1;0;1;0;1;0;1
1;0;1;0;1;0;1;0;1
1;0;1;0;1;0;1;0;1
1;0;0;0;1;0;1;0;1
1;0;1;1;1;0;1;1;1
1;0;1;0;0;0;0;0;1
1;0;1;1;1;1;1;0;1
1;0;0;0;0;0;0;0;1
1;1;1;1;1;1;1;E;1"
images/0787/maze_0787.jpg,"1;1;1;1;1;1;1;1;1;1;1;1;1;1;1
S;0;1;0;0;0;1;0;0;0;0;0;0;0;1
1;0;1;1;1;0;1;0;1;1;1;1;1;0;1
1;0;0;0;1;0;1;0;0;0;1;0;0;0;1
1;1;1;0;1;0;1;1;1;0;1;0;1;1;1
1;0;1;0;1;0;0;0;1;0;1;0;0;0;1
1;0;1;0;1;0;1;0;1;0;1;1;1;0;1
1;0;1;0;1;0;1;0;0;0;1;0;0;0;1
1;0;1;0;1;1;1;1;1;1;1;0;1;0;1
1;0;1;0;0;0;0;0;1;0;0;0;1;0;1
1;0;1;1;1;1;1;0;1;0;1;1;1;0;1
1;0;0;0;0;0;0;0;0;0;1;0;0;0;E
1;1;1;1;1;1;1;1;1;1;1;1;1;1;1"
images/0368/maze_0368.jpg,"1;1;1;1;1;1;1;1;1;1;1
S;0;1;0;0;0;0;0;0;0;1
1;0;1;0;1;0;1;1;1;0;1
1;0;1;0;1;0;1;0;0;0;1
1;0;1;1;1;0;1;1;1;1;1
1;0;0;0;1;0;0;0;0;0;1
1;1;1;0;1;1;1;1;1;0;1
1;0;1;0;0;0;0;0;0;0;1
1;0;1;1;1;1;1;1;1;0;1
1;0;1;0;0;0;1;0;0;0;1
1;0;1;0;1;0;1;0;1;1;1
1;0;0;0;1;0;1;0;1;0;1
1;0;1;1;1;0;1;0;1;0;1
1;0;0;0;1;0;0;0;0;0;E
1;1;1;1;1;1;1;1;1;1;1"
images/1819/maze_1819.jpg,"1;1;1;1;1;1;1;1;1
S;0;0;0;1;0;0;0;1
1;1;1;0;1;0;1;0;1
1;0;1;0;1;0;1;0;1
1;0;1;0;1;0;1;0;1
1;0;0;0;1;0;1;0;1
1;0;1;1;1;0;1;0;1
1;0;1;0;0;0;1;0;1
1;0;1;1;1;0;1;0;1
1;0;0;0;1;0;1;0;1
1;1;1;0;1;0;1;1;1
1;0;0;0;1;0;0;0;1
1;0;1;1;1;1;1;0;1
1;0;0;0;0;0;0;0;E
1;1;1;1;1;1;1;1;1"
images/0069/maze_0069.jpg,"1;1;1;1;1;1;1;1;1;1;1;1;1
S;0;0;0;1;0;1;0;0;0;0;0;1
1;1;1;0;1;0;1;0;1;1;1;0;1
1;0;1;0;1;0;1;0;0;0;1;0;1
1;0;1;0;1;0;1;1;1;0;1;0;1
1;0;0;0;1;0;0;0;0;0;1;0;1
1;0;1;1;1;1;1;1;1;1;1;0;1
1;0;0;0;0;0;0;0;1;0;0;0;1
1;1;1;1;1;1;1;0;1;0;1;0;1
1;0;0;0;0;0;0;0;0;0;1;0;1
1;1;1;1;1;1;1;1;1;1;1;E;1"
images/0857/maze_0857.jpg,"1;1;1;1;1;1;1
S;0;1;0;0;0;1
1;0;1;0;1;0;1
1;0;0;0;1;0;1
1;1;1;1;1;0;1
1;0;0;0;0;0;1
1;0;1;1;1;1;1
1;0;1;0;0;0;1
1;0;1;0;1;0;1
1;0;1;0;1;0;1
1;0;1;1;1;0;1
1;0;0;0;1;0;1
1;1;1;0;1;0;1
1;0;0;0;0;0;E
1;1;1;1;1;1;1"
images/1483/maze_1483.jpg,"1;1;1;1;1;1;1;1;1;1;1;1;1
S;0;0;0;1;0;0;0;0;0;0;0;1
1;1;1;0;1;0;1;1;1;0;1;1;1
1;0;0;0;1;0;0;0;1;0;0;0;1
1;0;1;1;1;1;1;1;1;1;1;0;1
1;0;0;0;0;0;1;0;0;0;0;0;1
1;1;1;1;1;0;1;0;1;1;1;0;1
1;0;0;0;0;0;0;0;1;0;0;0;E
1;1;1;1;1;1;1;1;1;1;1;1;1"
images/1555/maze_1555.jpg,"1;1;1;1;1;1;1;1;1
S;0;1;0;0;0;0;0;1
1;0;1;1;1;1;1;0;1
1;0;0;0;0;0;0;0;1
1;1;1;1;1;1;1;0;1
1;0;0;0;0;0;1;0;1
1;0;1;0;1;1;1;0;1
1;0;1;0;0;0;0;0;E
1;1;1;1;1;1;1;1;1"
images/1691/maze_1691.jpg,"1;1;1;1;1;1;1;1;1;1;1
S;0;0;0;0;0;0;0;1;0;1
1;1;1;1;1;1;1;0;1;0;1
1;0;0;0;1;0;1;0;1;0;1
1;0;1;0;1;0;1;0;1;0;1
1;0;1;0;0;0;1;0;0;0;1
1;0;1;1;1;1;1;1;1;0;1
1;0;0;0;0;0;0;0;1;0;1
1;0;1;1;1;0;1;1;1;0;1
1;0;0;0;1;0;0;0;0;0;1
1;1;1;1;1;1;1;1;1;E;1"
images/1474/maze_1474.jpg,"1;1;1;1;1;1;1
S;0;1;0;0;0;1
1;0;1;0;1;1;1
1;0;1;0;0;0;1
1;0;1;1;1;0;1
1;0;0;0;0;0;1
1;1;1;1;1;0;1
1;0;1;0;0;0;1
1;0;1;0;1;1;1
1;0;0;0;1;0;1
1;0;1;1;1;0;1
1;0;0;0;0;0;1
1;1;1;1;1;E;1"
images/1798/maze_1798.jpg,"1;1;1;1;1;1;1;1;1;1;1
S;0;1;0;0;0;0;0;1;0;1
1;0;1;0;1;1;1;0;1;0;1
1;0;0;0;1;0;1;0;1;0;1
1;1;1;1;1;0;1;0;1;0;1
1;0;0;0;0;0;1;0;1;0;1
1;0;1;1;1;0;1;0;1;0;1
1;0;0;0;1;0;1;0;0;0;1
1;1;1;0;1;0;1;1;1;0;1
1;0;0;0;1;0;0;0;1;0;1
1;0;1;1;1;0;1;1;1;0;1
1;0;0;0;1;0;1;0;0;0;1
1;0;1;0;1;1;1;0;1;1;1
1;0;1;0;0;0;0;0;0;0;1
1;1;1;1;1;1;1;1;1;E;1"
images/0478/maze_0478.jpg,"1;1;1;1;1;1;1;1;1;1;1
S;0;0;0;0;0;0;0;0;0;1
1;1;1;1;1;1;1;1;1;0;1
1;0;0;0;0;0;1;0;0;0;1
1;0;1;1;1;1;1;0;1;1;1
1;0;0;0;0;0;0;0;0;0;E
1;1;1;1;1;1;1;1;1;1;1"
images/0281/maze_0281.jpg,"1;1;1;1;1;1;1;1;1;1;1
S;0;0;0;1;0;0;0;0;0;1
1;1;1;0;1;0;1;1;1;1;1
1;0;0;0;1;0;0;0;0;0;1
1;0;1;1;1;1;1;0;1;0;1
1;0;0;0;0;0;1;0;1;0;1
1;1;1;1;1;0;1;0;1;0;1
1;0;1;0;0;0;1;0;1;0;1
1;0;1;0;1;1;1;1;1;0;1
1;0;0;0;0;0;0;0;0;0;1
1;1;1;1;1;1;1;1;1;E;1"
images/1647/maze_1647.jpg,"1;1;1;1;1;1;1;1;1;1;1
S;0;1;0;0;0;0;0;0;0;1
1;0;1;0;1;1;1;1;1;0;1
1;0;1;0;1;0;0;0;0;0;1
1;0;1;1;1;0;1;1;1;0;1
1;0;0;0;0;0;1;0;0;0;1
1;1;1;1;1;1;1;0;1;1;1
1;0;0;0;1;0;1;0;0;0;1
1;0;1;0;1;0;1;1;1;0;1
1;0;1;0;0;0;1;0;0;0;1
1;0;1;1;1;1;1;0;1;1;1
1;0;0;0;0;0;0;0;0;0;E
1;1;1;1;1;1;1;1;1;1;1"
images/1556/maze_1556.jpg,"1;1;1;1;1;1;1;1;1
S;0;0;0;1;0;0;0;1
1;1;1;0;1;1;1;0;1
1;0;0;0;1;0;0;0;1
1;0;1;1;1;0;1;0;1
1;0;0;0;0;0;1;0;1
1;1;1;1;1;1;1;0;1
1;0;0;0;0;0;0;0;1
1;1;1;1;1;1;1;E;1"
images/1729/maze_1729.jpg,"1;1;1;1;1;1;1;1;1;1;1;1;1
S;0;0;0;0;0;0;0;0;0;0;0;1
1;1;1;1;1;1;1;1;1;1;1;0;1
1;0;0;0;0;0;1;0;0;0;0;0;1
1;1;1;0;1;1;1;0;1;1;1;1;1
1;0;0;0;1;0;0;0;1;0;0;0;1
1;0;1;0;1;0;1;1;1;1;1;0;1
1;0;1;0;1;0;0;0;0;0;0;0;1
1;0;1;1;1;1;1;1;1;1;1;0;1
1;0;0;0;1;0;0;0;0;0;1;0;1
1;0;1;0;1;0;1;1;1;0;1;0;1
1;0;1;0;0;0;0;0;1;0;0;0;1
1;1;1;1;1;1;1;1;1;1;1;E;1"
images/0210/maze_0210.jpg,"1;1;1;1;1;1;1;1;1;1;1
S;0;1;0;0;0;0;0;0;0;1
1;0;1;1;1;1;1;0;1;1;1
1;0;0;0;0;0;1;0;0;0;1
1;1;1;1;1;0;1;1;1;0;1
1;0;0;0;1;0;1;0;0;0;1
1;0;1;1;1;0;1;0;1;0;1
1;0;0;0;0;0;0;0;1;0;1
1;1;1;1;1;1;1;1;1;E;1"
images/0297/maze_0297.jpg,"1;1;1;1;1;1;1;1;1;1;1
S;0;0;0;0;0;1;0;0;0;1
1;1;1;1;1;0;1;0;1;0;1
1;0;1;0;0;0;1;0;1;0;1
1;0;1;0;1;1;1;1;1;0;1
1;0;1;0;0;0;1;0;0;0;1
1;0;1;1;1;0;1;0;1;1;1
1;0;1;0;0;0;1;0;0;0;1
1;0;1;0;1;1;1;1;1;0;1
1;0;0;0;0;0;0;0;0;0;1
1;1;1;1;1;1;1;1;1;E;1"
images/1884/maze_1884.jpg,"1;1;1;1;1;1;1;1;1;1;1;1;1;1;1
S;0;0;0;0;0;1;0;0;0;1;0;0;0;1
1;1;1;1;1;0;1;0;1;0;1;1;1;0;1
1;0;0;0;1;0;0;0;1;0;1;0;0;0;1
1;0;1;0;1;1;1;1;1;0;1;0;1;1;1
1;0;1;0;0;0;0;0;1;0;1;0;0;0;1
1;0;1;1;1;1;1;0;1;0;1;1;1;0;1
1;0;1;0;0;0;0;0;1;0;0;0;0;0;1
1;1;1;0;1;1;1;0;1;1;1;1;1;0;1
1;0;0;0;1;0;0;0;0;0;0;0;1;0;1
1;0;1;1;1;1;1;0;1;1;1;1;1;0;1
1;0;0;0;0;0;1;0;1;0;0;0;0;0;1
1;0;1;1;1;0;1;1;1;0;1;1;1;1;1
1;0;0;0;1;0;0;0;0;0;0;0;0;0;1
1;1;1;1;1;1;1;1;1;1;1;1;1;E;1"
images/1833/maze_1833.jpg,"1;1;1;1;1;1;1;1;1;1;1;1;1;1;1
S;0;0;0;1;0;0;0;0;0;1;0;0;0;1
1;1;1;0;1;0;1;1;1;0;1;1;1;0;1
1;0;1;0;1;0;0;0;1;0;0;0;0;0;1
1;0;1;0;1;0;1;0;1;1;1;1;1;0;1
1;0;0;0;1;0;1;0;0;0;0;0;1;0;1
1;0;1;1;1;1;1;1;1;1;1;0;1;0;1
1;0;0;0;0;0;0;0;0;0;0;0;1;0;E
1;1;1;1;1;1;1;1;1;1;1;1;1;1;1"
images/0651/maze_0651.jpg,"1;1;1;1;1;1;1;1;1;1;1
S;0;1;0;0;0;1;0;0;0;1
1;0;1;0;1;0;1;0;1;0;1
1;0;0;0;1;0;0;0;1;0;1
1;1;1;1;1;1;1;1;1;0;1
1;0;0;0;0;0;0;0;1;0;1
1;0;1;1;1;1;1;0;1;0;1
1;0;0;0;1;0;1;0;1;0;1
1;1;1;0;1;0;1;0;1;0;1
1;0;0;0;0;0;1;0;0;0;1
1;1;1;1;1;1;1;1;1;E;1"
images/1233/maze_1233.jpg,"1;1;1;1;1;1;1;1;1;1;1;1;1
S;0;0;0;1;0;0;0;0;0;0;0;1
1;1;1;0;1;1;1;1;1;1;1;0;1
1;0;1;0;0;0;0;0;1;0;0;0;1
1;0;1;1;1;1;1;0;1;0;1;0;1
1;0;0;0;1;0;0;0;1;0;1;0;1
1;1;1;0;1;0;1;1;1;0;1;0;1
1;0;0;0;1;0;1;0;0;0;1;0;1
1;0;1;1;1;0;1;0;1;1;1;0;1
1;0;0;0;0;0;1;0;0;0;1;0;1
1;0;1;1;1;1;1;1;1;0;1;0;1
1;0;0;0;0;0;0;0;0;0;1;0;E
1;1;1;1;1;1;1;1;1;1;1;1;1"
images/1502/maze_1502.jpg,"1;1;1;1;1;1;1
S;0;1;0;0;0;1
1;0;1;0;1;0;1
1;0;1;0;1;0;1
1;0;1;1;1;0;1
1;0;0;0;0;0;1
1;1;1;1;1;0;1
1;0;0;0;0;0;E
1;1;1;1;1;1;1"
images/1931/maze_1931.jpg,"1;1;1;1;1;1;1;1;1;1;1;1;1;1;1
S;0;0;0;0;0;0;0;1;0;0;0;1;0;1
1;1;1;1;1;1;1;0;1;0;1;0;1;0;1
1;0;0;0;0;0;1;0;0;0;1;0;0;0;1
1;1;1;1;1;0;1;1;1;1;1;1;1;0;1
1;0;0;0;0;0;1;0;0;0;1;0;0;0;1
1;0;1;1;1;0;1;0;1;0;1;0;1;1;1
1;0;0;0;1;0;0;0;1;0;1;0;1;0;1
1;0;1;0;1;1;1;1;1;0;1;0;1;0;1
1;0;1;0;0;0;0;0;1;0;1;0;0;0;1
1;0;1;1;1;1;1;0;1;1;1;1;1;0;1
1;0;0;0;0;0;1;0;0;0;0;0;0;0;E
1;1;1;1;1;1;1;1;1;1;1;1;1;1;1"
