image_id,qid,answer,ablate_cells,board_rows,board_cols,board
0029,q1,1,"[[4, 0]]",8,8,0|0|Q|0|0|0|0|0/0|0|0|0|Q|0|0|0/0|0|0|0|0|0|0|0/0|0|0|Q|0|0|0|0/Q|0|0|0|0|0|0|0/0|0|0|0|0|0|0|0/0|Q|0|0|0|0|0|0/0|0|0|0|0|Q|0|0
0056,q1,0,"[[3, 0]]",8,8,0|Q|0|0|0|0|0|0/0|0|0|0|Q|0|0|0/0|0|0|0|0|0|0|0/Q|0|0|0|0|0|0|0/0|0|Q|0|0|0|0|0/0|0|0|0|0|0|0|0/0|0|0|0|0|Q|0|0/0|0|0|Q|0|0|0|0
0065,q1,1,"[[6, 0]]",8,8,0|0|0|0|Q|0|0|0/0|Q|0|0|0|0|0|0/0|0|0|Q|0|0|0|0/0|0|0|0|0|Q|0|0/0|0|0|0|0|0|0|0/0|0|Q|0|0|0|0|0/Q|0|0|0|0|0|0|0/0|0|0|0|0|0|0|0
0069,q1,0,"[[1, 0]]",8,8,0|0|0|0|0|0|0|0/Q|0|0|0|0|0|0|0/0|0|Q|0|0|0|0|0/0|0|0|0|0|0|0|0/0|0|0|0|0|Q|0|0/0|0|0|Q|0|0|0|0/0|Q|0|0|0|0|0|0/0|0|0|0|Q|0|0|0
0070,q1,1,"[[5, 0]]",8,8,0|0|Q|0|0|0|0|0/0|0|0|0|0|Q|0|0/0|0|0|0|0|0|0|0/0|Q|0|0|0|0|0|0/0|0|0|Q|0|0|0|0/Q|0|0|0|0|0|0|0/0|0|0|0|0|0|0|0/0|0|0|0|Q|0|0|0
0099,q1,1,"[[6, 0]]",9,9,0|0|0|0|0|0|0|0|0/0|0|0|0|0|0|Q|0|0/0|0|0|Q|0|0|0|0|0/0|Q|0|0|0|0|0|0|0/0|0|0|0|0|0|0|0|0/0|0|0|0|0|Q|0|0|0/Q|0|0|0|0|0|0|0|0/0|0|Q|0|0|0|0|0|0/0|0|0|0|Q|0|0|0|0
0111,q1,1,"[[6, 0]]",9,9,0|0|0|0|0|Q|0|0|0/0|0|0|Q|0|0|0|0|0/0|Q|0|0|0|0|0|0|0/0|0|0|0|0|0|0|0|0/0|0|0|0|Q|0|0|0|0/0|0|0|0|0|0|0|0|0/Q|0|0|0|0|0|0|0|0/0|0|Q|0|0|0|0|0|0/0|0|0|0|0|0|Q|0|0
0124,q1,0,"[[3, 0]]",9,9,0|0|Q|0|0|0|0|0|0/0|0|0|0|0|0|0|0|0/0|0|0|0|0|Q|0|0|0/Q|0|0|0|0|0|0|0|0/0|0|0|0|0|0|0|0|0/0|Q|0|0|0|0|0|0|0/0|0|0|0|Q|0|0|0|0/0|0|0|0|0|0|Q|0|0/0|0|0|Q|0|0|0|0|0
0128,q1,1,"[[5, 0]]",9,9,0|0|0|0|0|0|0|0|0/0|0|0|Q|0|0|0|0|0/0|0|0|0|0|Q|0|0|0/0|0|0|0|0|0|0|0|0/0|0|Q|0|0|0|0|0|0/Q|0|0|0|0|0|0|0|0/0|0|0|0|0|0|Q|0|0/0|0|0|0|Q|0|0|0|0/0|Q|0|0|0|0|0|0|0
0210,q1,0,"[[4, 0]]",9,9,0|0|0|0|0|0|0|0|0/0|0|0|0|Q|0|0|0|0/0|Q|0|0|0|0|0|0|0/0|0|0|Q|0|0|0|0|0/Q|0|0|0|0|0|0|0|0/0|0|0|0|0|0|Q|0|0/0|0|0|0|0|0|0|0|0/0|0|Q|0|0|0|0|0|0/0|0|0|0|0|Q|0|0|0
0212,q1,0,"[[3, 0]]",9,9,0|0|Q|0|0|0|0|0|0/0|0|0|0|0|0|0|0|0/0|0|0|Q|0|0|0|0|0/Q|0|0|0|0|0|0|0|0/0|0|0|0|0|0|0|0|0/0|0|0|0|0|Q|0|0|0/0|Q|0|0|0|0|0|0|0/0|0|0|0|0|0|Q|0|0/0|0|0|0|Q|0|0|0|0
0247,q1,0,"[[1, 0]]",9,9,0|0|0|0|0|Q|0|0|0/Q|0|0|0|0|0|0|0|0/0|0|0|0|Q|0|0|0|0/0|Q|0|0|0|0|0|0|0/0|0|0|0|0|0|0|0|0/0|0|0|0|0|0|Q|0|0/0|0|0|Q|0|0|0|0|0/0|0|0|0|0|0|0|0|0/0|0|Q|0|0|0|0|0|0
0251,q1,0,"[[3, 0]]",9,9,0|0|0|0|0|Q|0|0|0/0|0|0|0|0|0|0|0|0/0|0|Q|0|0|0|0|0|0/Q|0|0|0|0|0|0|0|0/0|0|0|0|0|0|0|0|0/0|Q|0|0|0|0|0|0|0/0|0|0|0|Q|0|0|0|0/0|0|0|0|0|0|Q|0|0/0|0|0|Q|0|0|0|0|0
0254,q1,0,"[[0, 0]]",9,9,Q|0|0|0|0|0|0|0|0/0|0|0|0|0|0|Q|0|0/0|0|0|Q|0|0|0|0|0/0|0|0|0|0|0|0|0|0/0|0|Q|0|0|0|0|0|0/0|0|0|0|0|0|0|0|0/0|0|0|0|0|Q|0|0|0/0|Q|0|0|0|0|0|0|0/0|0|0|0|Q|0|0|0|0
0275,q1,0,"[[4, 0]]",9,9,0|0|0|Q|0|0|0|0|0/0|0|0|0|0|Q|0|0|0/0|0|0|0|0|0|0|0|0/0|0|Q|0|0|0|0|0|0/Q|0|0|0|0|0|0|0|0/0|0|0|0|0|0|Q|0|0/0|0|0|0|Q|0|0|0|0/0|Q|0|0|0|0|0|0|0/0|0|0|0|0|0|0|0|0
0281,q1,1,"[[7, 0]]",9,9,0|0|0|Q|0|0|0|0|0/0|Q|0|0|0|0|0|0|0/0|0|0|0|0|0|0|0|0/0|0|Q|0|0|0|0|0|0/0|0|0|0|0|0|0|0|0/0|0|0|0|0|0|Q|0|0/0|0|0|0|Q|0|0|0|0/Q|0|0|0|0|0|0|0|0/0|0|0|0|0|Q|0|0|0
0297,q1,0,"[[2, 0]]",9,9,0|0|0|Q|0|0|0|0|0/0|0|0|0|0|Q|0|0|0/Q|0|0|0|0|0|0|0|0/0|0|0|0|0|0|0|0|0/0|0|0|0|0|0|Q|0|0/0|0|Q|0|0|0|0|0|0/0|0|0|0|0|0|0|0|0/0|Q|0|0|0|0|0|0|0/0|0|0|0|Q|0|0|0|0
0324,q1,1,"[[5, 0]]",9,9,0|0|Q|0|0|0|0|0|0/0|0|0|0|0|Q|0|0|0/0|0|0|0|0|0|0|0|0/0|Q|0|0|0|0|0|0|0/0|0|0|0|0|0|0|0|0/Q|0|0|0|0|0|0|0|0/0|0|0|Q|0|0|0|0|0/0|0|0|0|0|0|Q|0|0/0|0|0|0|Q|0|0|0|0
0353,q1,1,"[[8, 0]]",9,9,0|0|0|0|Q|0|0|0|0/0|0|0|0|0|0|Q|0|0/0|0|0|0|0|0|0|0|0/0|0|0|Q|0|0|0|0|0/0|Q|0|0|0|0|0|0|0/0|0|0|0|0|0|0|0|0/0|0|0|0|0|Q|0|0|0/0|0|Q|0|0|0|0|0|0/Q|0|0|0|0|0|0|0|0
0361,q1,1,"[[5, 0]]",9,9,0|0|0|0|Q|0|0|0|0/0|0|0|0|0|0|Q|0|0/0|Q|0|0|0|0|0|0|0/0|0|0|0|0|Q|0|0|0/0|0|Q|0|0|0|0|0|0/Q|0|0|0|0|0|0|0|0/0|0|0|0|0|0|0|0|0/0|0|0|Q|0|0|0|0|0/0|0|0|0|0|0|0|0|0
0368,q1,0,"[[0, 0]]",9,9,Q|0|0|0|0|0|0|0|0/0|0|0|Q|0|0|0|0|0/0|0|0|0|0|0|0|0|0/0|0|Q|0|0|0|0|0|0/0|0|0|0|0|0|0|0|0/0|0|0|0|0|0|Q|0|0/0|0|0|0|Q|0|0|0|0/0|Q|0|0|0|0|0|0|0/0|0|0|0|0|Q|0|0|0
0374,q1,1,"[[7, 0]]",9,9,0|0|0|Q|0|0|0|0|0/0|0|0|0|0|Q|0|0|0/0|0|0|0|0|0|0|0|0/0|Q|0|0|0|0|0|0|0/0|0|0|0|Q|0|0|0|0/0|0|0|0|0|0|Q|0|0/0|0|0|0|0|0|0|0|0/Q|0|0|0|0|0|0|0|0/0|0|Q|0|0|0|0|0|0
0383,q1,1,"[[7, 0]]",9,9,0|0|0|0|0|Q|0|0|0/0|0|0|0|0|0|0|0|0/0|0|Q|0|0|0|0|0|0/0|0|0|0|0|0|Q|0|0/0|0|0|0|0|0|0|0|0/0|Q|0|0|0|0|0|0|0/0|0|0|0|Q|0|0|0|0/Q|0|0|0|0|0|0|0|0/0|0|0|Q|0|0|0|0|0
0450,q1,0,"[[1, 0]]",10,10,0|0|0|0|Q|0|0|0|0|0/Q|0|0|0|0|0|0|0|0|0/0|0|0|Q|0|0|0|0|0|0/0|0|0|0|0|0|0|0|0|0/0|0|0|0|0|0|Q|0|0|0/0|Q|0|0|0|0|0|0|0|0/0|0|0|0|0|0|0|0|0|0/0|0|Q|0|0|0|0|0|0|0/0|0|0|0|0|Q|0|0|0|0/0|0|0|0|0|0|0|Q|0|0
0478,q1,0,"[[4, 0]]",10,10,0|0|0|0|0|0|Q|0|0|0/0|0|0|0|0|0|0|0|0|0/0|0|0|0|0|Q|0|0|0|0/0|0|Q|0|0|0|0|0|0|0/Q|0|0|0|0|0|0|0|0|0/0|0|0|0|0|0|0|Q|0|0/0|0|0|0|Q|0|0|0|0|0/0|Q|0|0|0|0|0|0|0|0/0|0|0|Q|0|0|0|0|0|0/0|0|0|0|0|0|0|0|0|0
0507,q1,1,"[[5, 0]]",10,10,0|0|0|0|0|0|Q|0|0|0/0|0|Q|0|0|0|0|0|0|0/0|0|0|0|0|0|0|Q|0|0/0|Q|0|0|0|0|0|0|0|0/0|0|0|0|Q|0|0|0|0|0/Q|0|0|0|0|0|0|0|0|0/0|0|0|0|0|0|0|0|0|0/0|0|0|Q|0|0|0|0|0|0/0|0|0|0|0|Q|0|0|0|0/0|0|0|0|0|0|0|0|0|0
0572,q1,0,"[[0, 0]]",10,10,Q|0|0|0|0|0|0|0|0|0/0|0|0|Q|0|0|0|0|0|0/0|0|0|0|0|0|Q|0|0|0/0|0|0|0|0|0|0|0|0|0/0|0|0|0|0|0|0|Q|0|0/0|0|0|0|Q|0|0|0|0|0/0|Q|0|0|0|0|0|0|0|0/0|0|0|0|0|0|0|0|0|0/0|0|Q|0|0|0|0|0|0|0/0|0|0|0|0|Q|0|0|0|0
0584,q1,0,"[[0, 0]]",10,10,Q|0|0|0|0|0|0|0|0|0/0|0|Q|0|0|0|0|0|0|0/0|0|0|0|0|Q|0|0|0|0/0|0|0|0|0|0|0|Q|0|0/0|0|0|0|0|0|0|0|0|0/0|0|0|0|Q|0|0|0|0|0/0|0|0|0|0|0|0|0|0|0/0|Q|0|0|0|0|0|0|0|0/0|0|0|Q|0|0|0|0|0|0/0|0|0|0|0|0|Q|0|0|0
0585,q1,1,"[[9, 0]]",10,10,0|0|0|Q|0|0|0|0|0|0/0|0|0|0|0|0|0|0|0|0/0|0|0|0|Q|0|0|0|0|0/0|Q|0|0|0|0|0|0|0|0/0|0|0|0|0|0|0|0|0|0/0|0|0|0|0|0|Q|0|0|0/0|0|Q|0|0|0|0|0|0|0/0|0|0|0|0|0|0|Q|0|0/0|0|0|0|0|Q|0|0|0|0/Q|0|0|0|0|0|0|0|0|0
0628,q1,0,"[[2, 0]]",10,10,0|0|0|0|0|0|0|0|0|0/0|0|Q|0|0|0|0|0|0|0/Q|0|0|0|0|0|0|0|0|0/0|0|0|Q|0|0|0|0|0|0/0|0|0|0|0|0|Q|0|0|0/0|0|0|0|0|0|0|0|0|0/0|Q|0|0|0|0|0|0|0|0/0|0|0|0|Q|0|0|0|0|0/0|0|0|0|0|0|0|Q|0|0/0|0|0|0|0|Q|0|0|0|0
0651,q1,1,"[[6, 0]]",10,10,0|0|0|0|0|0|0|0|0|0/0|Q|0|0|0|0|0|0|0|0/0|0|0|0|0|0|0|0|0|0/0|0|Q|0|0|0|0|0|0|0/0|0|0|0|0|Q|0|0|0|0/0|0|0|0|0|0|0|Q|0|0/Q|0|0|0|0|0|0|0|0|0/0|0|0|Q|0|0|0|0|0|0/0|0|0|0|0|0|Q|0|0|0/0|0|0|0|Q|0|0|0|0|0
0674,q1,1,"[[5, 0]]",10,10,0|0|0|0|Q|0|0|0|0|0/0|Q|0|0|0|0|0|0|0|0/0|0|0|0|0|0|0|0|0|0/0|0|0|0|0|0|Q|0|0|0/0|0|0|Q|0|0|0|0|0|0/Q|0|0|0|0|0|0|0|0|0/0|0|Q|0|0|0|0|0|0|0/0|0|0|0|0|0|0|0|0|0/0|0|0|0|0|Q|0|0|0|0/0|0|0|0|0|0|0|Q|0|0
0678,q1,0,"[[3, 0]]",10,10,0|0|0|0|0|Q|0|0|0|0/0|0|0|Q|0|0|0|0|0|0/0|0|0|0|0|0|0|0|0|0/Q|0|0|0|0|0|0|0|0|0/0|0|Q|0|0|0|0|0|0|0/0|0|0|0|0|0|0|0|0|0/0|0|0|0|0|0|Q|0|0|0/0|Q|0|0|0|0|0|0|0|0/0|0|0|0|0|0|0|Q|0|0/0|0|0|0|Q|0|0|0|0|0
0746,q1,1,"[[7, 0]]",10,10,0|0|0|0|Q|0|0|0|0|0/0|0|Q|0|0|0|0|0|0|0/0|0|0|0|0|0|0|0|0|0/0|0|0|0|0|Q|0|0|0|0/0|0|0|0|0|0|0|0|0|0/0|Q|0|0|0|0|0|0|0|0/0|0|0|0|0|0|Q|0|0|0/Q|0|0|0|0|0|0|0|0|0/0|0|0|Q|0|0|0|0|0|0/0|0|0|0|0|0|0|Q|0|0
0755,q1,0,"[[2, 0]]",10,10,0|0|0|0|Q|0|0|0|0|0/0|0|Q|0|0|0|0|0|0|0/Q|0|0|0|0|0|0|0|0|0/0|0|0|0|0|0|0|0|0|0/0|0|0|0|0|0|Q|0|0|0/0|0|0|0|0|0|0|0|0|0/0|0|0|Q|0|0|0|0|0|0/0|Q|0|0|0|0|0|0|0|0/0|0|0|0|0|0|0|Q|0|0/0|0|0|0|0|Q|0|0|0|0
0787,q1,1,"[[6, 0]]",10,10,0|0|0|Q|0|0|0|0|0|0/0|0|0|0|0|0|Q|0|0|0/0|0|0|0|0|0|0|0|0|0/0|0|0|0|0|Q|0|0|0|0/0|Q|0|0|0|0|0|0|0|0/0|0|0|0|0|0|0|0|0|0/Q|0|0|0|0|0|0|0|0|0/0|0|Q|0|0|0|0|0|0|0/0|0|0|0|Q|0|0|0|0|0/0|0|0|0|0|0|0|Q|0|0
0792,q1,0,"[[3, 0]]",10,10,0|0|0|0|0|0|0|0|0|0/0|0|0|0|0|0|Q|0|0|0/0|0|Q|0|0|0|0|0|0|0/Q|0|0|0|0|0|0|0|0|0/0|0|0|0|0|Q|0|0|0|0/0|Q|0|0|0|0|0|0|0|0/0|0|0|0|Q|0|0|0|0|0/0|0|0|0|0|0|0|0|0|0/0|0|0|0|0|0|0|Q|0|0/0|0|0|Q|0|0|0|0|0|0
0824,q1,0,"[[4, 0]]",10,10,0|0|0|0|0|0|0|0|0|0/0|0|0|0|0|0|0|Q|0|0/0|0|0|0|Q|0|0|0|0|0/0|0|Q|0|0|0|0|0|0|0/Q|0|0|0|0|0|0|0|0|0/0|0|0|0|0|Q|0|0|0|0/0|Q|0|0|0|0|0|0|0|0/0|0|0|0|0|0|0|0|0|0/0|0|0|0|0|0|Q|0|0|0/0|0|0|Q|0|0|0|0|0|0
0857,q1,1,"[[9, 0]]",10,10,0|0|0|0|0|0|Q|0|0|0/0|0|0|Q|0|0|0|0|0|0/0|Q|0|0|0|0|0|0|0|0/0|0|0|0|Q|0|0|0|0|0/0|0|0|0|0|0|0|Q|0|0/0|0|0|0|0|0|0|0|0|0/0|0|Q|0|0|0|0|0|0|0/0|0|0|0|0|Q|0|0|0|0/0|0|0|0|0|0|0|0|0|0/Q|0|0|0|0|0|0|0|0|0
0889,q1,0,"[[1, 0]]",10,10,0|0|0|0|Q|0|0|0|0|0/Q|0|0|0|0|0|0|0|0|0/0|0|0|0|0|0|0|Q|0|0/0|0|0|0|0|Q|0|0|0|0/0|0|Q|0|0|0|0|0|0|0/0|0|0|0|0|0|0|0|0|0/0|Q|0|0|0|0|0|0|0|0/0|0|0|Q|0|0|0|0|0|0/0|0|0|0|0|0|0|0|0|0/0|0|0|0|0|0|Q|0|0|0
0905,q1,1,"[[6, 0]]",10,10,0|0|0|0|Q|0|0|0|0|0/0|0|0|0|0|0|Q|0|0|0/0|Q|0|0|0|0|0|0|0|0/0|0|0|0|0|0|0|0|0|0/0|0|0|0|0|0|0|Q|0|0/0|0|0|Q|0|0|0|0|0|0/Q|0|0|0|0|0|0|0|0|0/0|0|Q|0|0|0|0|0|0|0/0|0|0|0|0|0|0|0|0|0/0|0|0|0|0|Q|0|0|0|0
0907,q1,0,"[[0, 0]]",10,10,Q|0|0|0|0|0|0|0|0|0/0|0|0|0|0|0|0|Q|0|0/0|0|0|0|0|Q|0|0|0|0/0|0|Q|0|0|0|0|0|0|0/0|0|0|0|0|0|0|0|0|0/0|Q|0|0|0|0|0|0|0|0/0|0|0|0|Q|0|0|0|0|0/0|0|0|0|0|0|0|0|0|0/0|0|0|Q|0|0|0|0|0|0/0|0|0|0|0|0|Q|0|0|0
0909,q1,1,"[[6, 0]]",10,10,0|0|0|Q|0|0|0|0|0|0/0|0|0|0|0|0|Q|0|0|0/0|0|Q|0|0|0|0|0|0|0/0|0|0|0|0|Q|0|0|0|0/0|Q|0|0|0|0|0|0|0|0/0|0|0|0|0|0|0|0|0|0/Q|0|0|0|0|0|0|0|0|0/0|0|0|0|0|0|0|0|0|0/0|0|0|0|Q|0|0|0|0|0/0|0|0|0|0|0|0|Q|0|0
0938,q1,1,"[[7, 0]]",10,10,0|Q|0|0|0|0|0|0|0|0/0|0|0|0|0|Q|0|0|0|0/0|0|0|0|0|0|0|Q|0|0/0|0|Q|0|0|0|0|0|0|0/0|0|0|0|0|0|Q|0|0|0/0|0|0|Q|0|0|0|0|0|0/0|0|0|0|0|0|0|0|0|0/Q|0|0|0|0|0|0|0|0|0/0|0|0|0|0|0|0|0|0|0/0|0|0|0|Q|0|0|0|0|0
0944,q1,1,"[[6, 0]]",10,10,0|0|0|0|0|Q|0|0|0|0/0|0|0|Q|0|0|0|0|0|0/0|Q|0|0|0|0|0|0|0|0/0|0|0|0|0|0|0|Q|0|0/0|0|0|0|Q|0|0|0|0|0/0|0|0|0|0|0|0|0|0|0/Q|0|0|0|0|0|0|0|0|0/0|0|Q|0|0|0|0|0|0|0/0|0|0|0|0|0|0|0|0|0/0|0|0|0|0|0|Q|0|0|0
0964,q1,1,"[[8, 0]]",10,10,0|0|0|0|0|Q|0|0|0|0/0|0|0|0|0|0|0|0|0|0/0|0|Q|0|0|0|0|0|0|0/0|0|0|0|Q|0|0|0|0|0/0|0|0|0|0|0|0|Q|0|0/0|Q|0|0|0|0|0|0|0|0/0|0|0|0|0|0|0|0|0|0/0|0|0|0|0|0|Q|0|0|0/Q|0|0|0|0|0|0|0|0|0/0|0|0|Q|0|0|0|0|0|0
0987,q1,1,"[[5, 0]]",10,10,0|0|0|Q|0|0|0|0|0|0/0|Q|0|0|0|0|0|0|0|0/0|0|0|0|0|0|0|Q|0|0/0|0|0|0|0|Q|0|0|0|0/0|0|0|0|0|0|0|0|0|0/Q|0|0|0|0|0|0|0|0|0/0|0|0|0|Q|0|0|0|0|0/0|0|0|0|0|0|Q|0|0|0/0|0|0|0|0|0|0|0|0|0/0|0|Q|0|0|0|0|0|0|0
1054,q1,0,"[[2, 0]]",10,10,0|0|0|0|0|0|Q|0|0|0/0|0|0|0|Q|0|0|0|0|0/Q|0|0|0|0|0|0|0|0|0/0|0|0|0|0|0|0|Q|0|0/0|0|0|0|0|Q|0|0|0|0/0|0|Q|0|0|0|0|0|0|0/0|0|0|0|0|0|0|0|0|0/0|Q|0|0|0|0|0|0|0|0/0|0|0|Q|0|0|0|0|0|0/0|0|0|0|0|0|0|0|0|0
1078,q1,1,"[[6, 0]]",10,10,0|0|0|0|Q|0|0|0|0|0/0|0|Q|0|0|0|0|0|0|0/0|0|0|0|0|0|0|0|0|0/0|0|0|0|0|Q|0|0|0|0/0|0|0|Q|0|0|0|0|0|0/0|0|0|0|0|0|0|0|0|0/Q|0|0|0|0|0|0|0|0|0/0|0|0|0|0|0|0|Q|0|0/0|Q|0|0|0|0|0|0|0|0/0|0|0|0|0|0|Q|0|0|0
1080,q1,0,"[[4, 0]]",10,10,0|0|0|0|0|0|Q|0|0|0/0|0|0|0|0|0|0|0|0|0/0|Q|0|0|0|0|0|0|0|0/0|0|0|0|Q|0|0|0|0|0/Q|0|0|0|0|0|0|0|0|0/0|0|0|Q|0|0|0|0|0|0/0|0|0|0|0|0|0|0|0|0/0|0|0|0|0|0|0|Q|0|0/0|0|0|0|0|Q|0|0|0|0/0|0|Q|0|0|0|0|0|0|0
1083,q1,0,"[[3, 0]]",10,10,0|0|0|0|0|0|0|0|0|0/0|Q|0|0|0|0|0|0|0|0/0|0|0|0|0|0|0|Q|0|0/Q|0|0|0|0|0|0|0|0|0/0|0|0|Q|0|0|0|0|0|0/0|0|0|0|0|0|Q|0|0|0/0|0|0|0|0|0|0|0|0|0/0|0|0|0|0|Q|0|0|0|0/0|0|Q|0|0|0|0|0|0|0/0|0|0|0|Q|0|0|0|0|0
1089,q1,0,"[[3, 0]]",10,10,0|0|0|0|0|0|Q|0|0|0/0|Q|0|0|0|0|0|0|0|0/0|0|0|0|0|0|0|Q|0|0/Q|0|0|0|0|0|0|0|0|0/0|0|0|0|0|0|0|0|0|0/0|0|0|Q|0|0|0|0|0|0/0|0|0|0|0|Q|0|0|0|0/0|0|0|0|0|0|0|0|0|0/0|0|Q|0|0|0|0|0|0|0/0|0|0|0|Q|0|0|0|0|0
1118,q1,0,"[[4, 0]]",10,10,0|0|0|0|0|0|0|0|0|0/0|0|0|0|0|0|Q|0|0|0/0|0|0|0|Q|0|0|0|0|0/0|0|Q|0|0|0|0|0|0|0/Q|0|0|0|0|0|0|0|0|0/0|0|0|0|0|0|0|0|0|0/0|0|0|0|0|0|0|Q|0|0/0|0|0|0|0|Q|0|0|0|0/0|0|0|Q|0|0|0|0|0|0/0|Q|0|0|0|0|0|0|0|0
1179,q1,0,"[[5, 0]]",11,11,0|0|Q|0|0|0|0|0|0|0|0/0|0|0|0|0|0|0|0|Q|0|0/0|0|0|0|0|Q|0|0|0|0|0/0|0|0|Q|0|0|0|0|0|0|0/0|0|0|0|0|0|0|0|0|0|0/Q|0|0|0|0|0|0|0|0|0|0/0|0|0|0|0|0|0|Q|0|0|0/0|Q|0|0|0|0|0|0|0|0|0/0|0|0|0|Q|0|0|0|0|0|0/0|0|0|0|0|0|Q|0|0|0|0/0|0|0|0|0|0|0|0|0|0|0
1182,q1,1,"[[10, 0]]",11,11,0|Q|0|0|0|0|0|0|0|0|0/0|0|0|0|0|0|Q|0|0|0|0/0|0|0|0|Q|0|0|0|0|0|0/0|0|0|0|0|0|0|0|0|0|0/0|0|0|0|0|0|0|Q|0|0|0/0|0|0|Q|0|0|0|0|0|0|0/0|0|0|0|0|0|0|0|0|0|0/0|0|Q|0|0|0|0|0|0|0|0/0|0|0|0|0|Q|0|0|0|0|0/0|0|0|0|0|0|0|0|Q|0|0/Q|0|0|0|0|0|0|0|0|0|0
1233,q1,1,"[[6, 0]]",11,11,0|0|0|0|0|Q|0|0|0|0|0/0|0|0|0|0|0|0|Q|0|0|0/0|0|Q|0|0|0|0|0|0|0|0/0|0|0|0|0|0|Q|0|0|0|0/0|0|0|Q|0|0|0|0|0|0|0/0|0|0|0|0|0|0|0|0|0|0/Q|0|0|0|0|0|0|0|0|0|0/0|0|0|0|0|0|0|0|Q|0|0/0|0|0|0|0|0|0|0|0|0|0/0|0|0|0|Q|0|0|0|0|0|0/0|Q|0|0|0|0|0|0|0|0|0
1244,q1,0,"[[1, 0]]",11,11,0|0|0|0|0|0|0|Q|0|0|0/Q|0|0|0|0|0|0|0|0|0|0/0|0|0|0|Q|0|0|0|0|0|0/0|Q|0|0|0|0|0|0|0|0|0/0|0|0|0|0|Q|0|0|0|0|0/0|0|0|0|0|0|0|0|0|0|0/0|0|Q|0|0|0|0|0|0|0|0/0|0|0|0|0|0|0|0|0|0|0/0|0|0|0|0|0|0|0|Q|0|0/0|0|0|0|0|0|Q|0|0|0|0/0|0|0|Q|0|0|0|0|0|0|0
1273,q1,0,"[[0, 0]]",11,11,Q|0|0|0|0|0|0|0|0|0|0/0|0|0|0|0|0|0|0|0|0|0/0|0|0|0|0|Q|0|0|0|0|0/0|0|0|0|0|0|0|Q|0|0|0/0|0|Q|0|0|0|0|0|0|0|0/0|0|0|0|Q|0|0|0|0|0|0/0|0|0|0|0|0|0|0|Q|0|0/0|Q|0|0|0|0|0|0|0|0|0/0|0|0|0|0|0|0|0|0|0|0/0|0|0|0|0|0|Q|0|0|0|0/0|0|0|Q|0|0|0|0|0|0|0
1289,q1,1,"[[10, 0]]",11,11,0|0|Q|0|0|0|0|0|0|0|0/0|0|0|0|Q|0|0|0|0|0|0/0|0|0|0|0|0|Q|0|0|0|0/0|0|0|0|0|0|0|0|Q|0|0/0|0|0|0|0|0|0|0|0|0|0/0|Q|0|0|0|0|0|0|0|0|0/0|0|0|Q|0|0|0|0|0|0|0/0|0|0|0|0|Q|0|0|0|0|0/0|0|0|0|0|0|0|Q|0|0|0/0|0|0|0|0|0|0|0|0|0|0/Q|0|0|0|0|0|0|0|0|0|0
1290,q1,1,"[[7, 0]]",11,11,0|0|0|0|0|0|Q|0|0|0|0/0|0|0|Q|0|0|0|0|0|0|0/0|Q|0|0|0|0|0|0|0|0|0/0|0|0|0|0|0|0|0|0|0|0/0|0|0|0|0|0|0|0|Q|0|0/0|0|0|0|0|Q|0|0|0|0|0/0|0|Q|0|0|0|0|0|0|0|0/Q|0|0|0|0|0|0|0|0|0|0/0|0|0|0|0|0|0|0|0|0|0/0|0|0|0|0|0|0|Q|0|0|0/0|0|0|0|Q|0|0|0|0|0|0
1292,q1,1,"[[10, 0]]",11,11,0|0|0|0|0|0|Q|0|0|0|0/0|0|0|0|Q|0|0|0|0|0|0/0|0|Q|0|0|0|0|0|0|0|0/0|0|0|0|0|0|0|0|Q|0|0/0|0|0|Q|0|0|0|0|0|0|0/0|0|0|0|0|0|0|Q|0|0|0/0|0|0|0|0|0|0|0|0|0|0/0|Q|0|0|0|0|0|0|0|0|0/0|0|0|0|0|0|0|0|0|0|0/0|0|0|0|0|Q|0|0|0|0|0/Q|0|0|0|0|0|0|0|0|0|0
1323,q1,1,"[[7, 0]]",11,11,0|0|0|0|0|0|0|0|Q|0|0/0|0|0|0|Q|0|0|0|0|0|0/0|Q|0|0|0|0|0|0|0|0|0/0|0|0|0|0|0|0|Q|0|0|0/0|0|0|0|0|0|0|0|0|0|0/0|0|0|0|0|0|Q|0|0|0|0/0|0|0|Q|0|0|0|0|0|0|0/Q|0|0|0|0|0|0|0|0|0|0/0|0|0|0|0|0|0|0|0|0|0/0|0|0|0|0|Q|0|0|0|0|0/0|0|Q|0|0|0|0|0|0|0|0
1333,q1,1,"[[9, 0]]",11,11,0|0|0|0|0|Q|0|0|0|0|0/0|0|0|0|0|0|0|0|0|0|0/0|0|0|0|Q|0|0|0|0|0|0/0|Q|0|0|0|0|0|0|0|0|0/0|0|0|0|0|0|0|0|Q|0|0/0|0|Q|0|0|0|0|0|0|0|0/0|0|0|0|0|0|0|Q|0|0|0/0|0|0|0|0|0|0|0|0|0|0/0|0|0|Q|0|0|0|0|0|0|0/Q|0|0|0|0|0|0|0|0|0|0/0|0|0|0|0|0|Q|0|0|0|0
1395,q1,0,"[[5, 0]]",11,11,0|0|0|Q|0|0|0|0|0|0|0/0|0|0|0|0|0|0|0|0|0|0/0|0|0|0|Q|0|0|0|0|0|0/0|0|0|0|0|0|0|0|0|0|0/0|0|0|0|0|Q|0|0|0|0|0/Q|0|0|0|0|0|0|0|0|0|0/0|0|Q|0|0|0|0|0|0|0|0/0|0|0|0|0|0|Q|0|0|0|0/0|0|0|0|0|0|0|0|Q|0|0/0|Q|0|0|0|0|0|0|0|0|0/0|0|0|0|0|0|0|Q|0|0|0
1450,q1,0,"[[5, 0]]",11,11,0|0|Q|0|0|0|0|0|0|0|0/0|0|0|0|0|0|0|0|0|0|0/0|0|0|0|0|Q|0|0|0|0|0/0|0|0|0|0|0|0|0|0|0|0/0|0|0|0|Q|0|0|0|0|0|0/Q|0|0|0|0|0|0|0|0|0|0/0|0|0|0|0|0|0|Q|0|0|0/0|0|0|Q|0|0|0|0|0|0|0/0|Q|0|0|0|0|0|0|0|0|0/0|0|0|0|0|0|Q|0|0|0|0/0|0|0|0|0|0|0|0|Q|0|0
1453,q1,0,"[[5, 0]]",11,11,0|0|0|0|0|0|0|0|0|0|0/0|0|0|0|0|0|0|Q|0|0|0/0|Q|0|0|0|0|0|0|0|0|0/0|0|0|0|Q|0|0|0|0|0|0/0|0|Q|0|0|0|0|0|0|0|0/Q|0|0|0|0|0|0|0|0|0|0/0|0|0|0|0|0|0|0|Q|0|0/0|0|0|0|0|0|0|0|0|0|0/0|0|0|0|0|Q|0|0|0|0|0/0|0|0|Q|0|0|0|0|0|0|0/0|0|0|0|0|0|Q|0|0|0|0
1473,q1,1,"[[9, 0]]",11,11,0|0|0|0|0|0|Q|0|0|0|0/0|0|0|Q|0|0|0|0|0|0|0/0|0|0|0|0|0|0|0|0|0|0/0|0|Q|0|0|0|0|0|0|0|0/0|0|0|0|0|0|0|Q|0|0|0/0|0|0|0|0|0|0|0|0|0|0/0|0|0|0|Q|0|0|0|0|0|0/0|Q|0|0|0|0|0|0|0|0|0/0|0|0|0|0|0|0|0|Q|0|0/Q|0|0|0|0|0|0|0|0|0|0/0|0|0|0|0|Q|0|0|0|0|0
1474,q1,1,"[[7, 0]]",11,11,0|0|0|0|0|Q|0|0|0|0|0/0|0|0|0|0|0|0|0|0|0|0/0|Q|0|0|0|0|0|0|0|0|0/0|0|0|Q|0|0|0|0|0|0|0/0|0|0|0|0|0|0|0|Q|0|0/0|0|0|0|0|0|Q|0|0|0|0/0|0|Q|0|0|0|0|0|0|0|0/Q|0|0|0|0|0|0|0|0|0|0/0|0|0|0|0|0|0|0|0|0|0/0|0|0|0|0|0|0|Q|0|0|0/0|0|0|0|Q|0|0|0|0|0|0
1483,q1,1,"[[6, 0]]",11,11,0|0|0|0|0|0|0|0|Q|0|0/0|0|0|Q|0|0|0|0|0|0|0/0|Q|0|0|0|0|0|0|0|0|0/0|0|0|0|0|0|0|Q|0|0|0/0|0|0|0|0|0|0|0|0|0|0/0|0|Q|0|0|0|0|0|0|0|0/Q|0|0|0|0|0|0|0|0|0|0/0|0|0|0|0|Q|0|0|0|0|0/0|0|0|0|0|0|0|0|0|0|0/0|0|0|0|Q|0|0|0|0|0|0/0|0|0|0|0|0|Q|0|0|0|0
1487,q1,1,"[[9, 0]]",11,11,0|0|0|0|0|Q|0|0|0|0|0/0|0|Q|0|0|0|0|0|0|0|0/0|0|0|0|0|0|Q|0|0|0|0/0|Q|0|0|0|0|0|0|0|0|0/0|0|0|0|0|0|0|0|0|0|0/0|0|0|0|0|0|0|Q|0|0|0/0|0|0|0|0|0|0|0|0|0|0/0|0|0|0|Q|0|0|0|0|0|0/0|0|0|0|0|0|0|0|Q|0|0/Q|0|0|0|0|0|0|0|0|0|0/0|0|0|Q|0|0|0|0|0|0|0
1502,q1,1,"[[8, 0]]",11,11,0|0|0|0|0|0|Q|0|0|0|0/0|0|0|0|Q|0|0|0|0|0|0/0|0|0|0|0|0|0|0|0|0|0/0|Q|0|0|0|0|0|0|0|0|0/0|0|0|0|0|Q|0|0|0|0|0/0|0|Q|0|0|0|0|0|0|0|0/0|0|0|0|0|0|0|0|0|0|0/0|0|0|0|0|0|0|Q|0|0|0/Q|0|0|0|0|0|0|0|0|0|0/0|0|0|0|0|0|0|0|Q|0|0/0|0|0|Q|0|0|0|0|0|0|0
1512,q1,1,"[[7, 0]]",11,11,0|0|0|0|Q|0|0|0|0|0|0/0|0|0|0|0|0|0|0|0|0|0/0|0|0|0|0|0|0|Q|0|0|0/0|0|0|Q|0|0|0|0|0|0|0/0|Q|0|0|0|0|0|0|0|0|0/0|0|0|0|0|0|0|0|Q|0|0/0|0|0|0|0|Q|0|0|0|0|0/Q|0|0|0|0|0|0|0|0|0|0/0|0|0|0|0|0|Q|0|0|0|0/0|0|0|0|0|0|0|0|0|0|0/0|0|Q|0|0|0|0|0|0|0|0
1532,q1,1,"[[9, 0]]",11,11,0|0|0|0|0|0|0|Q|0|0|0/0|0|Q|0|0|0|0|0|0|0|0/0|0|0|0|Q|0|0|0|0|0|0/0|0|0|0|0|0|0|0|0|0|0/0|Q|0|0|0|0|0|0|0|0|0/0|0|0|0|0|0|0|0|Q|0|0/0|0|0|0|0|Q|0|0|0|0|0/0|0|0|Q|0|0|0|0|0|0|0/0|0|0|0|0|0|Q|0|0|0|0/Q|0|0|0|0|0|0|0|0|0|0/0|0|0|0|0|0|0|0|0|0|0
1555,q1,1,"[[8, 0]]",11,11,0|0|0|0|0|Q|0|0|0|0|0/0|0|0|0|0|0|0|0|0|0|0/0|0|Q|0|0|0|0|0|0|0|0/0|0|0|0|0|0|Q|0|0|0|0/0|0|0|Q|0|0|0|0|0|0|0/0|0|0|0|0|0|0|Q|0|0|0/0|0|0|0|0|0|0|0|0|0|0/0|0|0|0|0|0|0|0|Q|0|0/Q|0|0|0|0|0|0|0|0|0|0/0|0|0|0|Q|0|0|0|0|0|0/0|Q|0|0|0|0|0|0|0|0|0
1556,q1,0,"[[1, 0]]",11,11,0|0|0|0|0|Q|0|0|0|0|0/Q|0|0|0|0|0|0|0|0|0|0/0|0|0|0|0|0|0|0|0|0|0/0|Q|0|0|0|0|0|0|0|0|0/0|0|0|0|0|0|0|0|0|0|0/0|0|0|0|0|0|0|Q|0|0|0/0|0|0|Q|0|0|0|0|0|0|0/0|0|0|0|0|0|0|0|Q|0|0/0|0|Q|0|0|0|0|0|0|0|0/0|0|0|0|Q|0|0|0|0|0|0/0|0|0|0|0|0|Q|0|0|0|0
1568,q1,1,"[[7, 0]]",11,11,0|0|0|0|0|Q|0|0|0|0|0/0|Q|0|0|0|0|0|0|0|0|0/0|0|0|0|Q|0|0|0|0|0|0/0|0|0|0|0|0|0|0|0|0|0/0|0|0|0|0|0|0|Q|0|0|0/0|0|0|0|0|0|0|0|0|0|0/0|0|0|Q|0|0|0|0|0|0|0/Q|0|0|0|0|0|0|0|0|0|0/0|0|Q|0|0|0|0|0|0|0|0/0|0|0|0|0|0|0|0|Q|0|0/0|0|0|0|0|0|Q|0|0|0|0
1608,q1,0,"[[3, 0]]",11,11,0|0|0|0|0|Q|0|0|0|0|0/0|0|0|Q|0|0|0|0|0|0|0/0|0|0|0|0|0|0|0|Q|0|0/Q|0|0|0|0|0|0|0|0|0|0/0|0|Q|0|0|0|0|0|0|0|0/0|0|0|0|0|0|Q|0|0|0|0/0|Q|0|0|0|0|0|0|0|0|0/0|0|0|0|0|0|0|0|0|0|0/0|0|0|0|0|0|0|Q|0|0|0/0|0|0|0|0|0|0|0|0|0|0/0|0|0|0|Q|0|0|0|0|0|0
1609,q1,0,"[[3, 0]]",11,11,0|0|0|0|0|0|0|0|Q|0|0/0|0|0|0|0|Q|0|0|0|0|0/0|0|Q|0|0|0|0|0|0|0|0/Q|0|0|0|0|0|0|0|0|0|0/0|0|0|0|0|0|0|Q|0|0|0/0|0|0|0|Q|0|0|0|0|0|0/0|Q|0|0|0|0|0|0|0|0|0/0|0|0|0|0|0|0|0|0|0|0/0|0|0|0|0|0|Q|0|0|0|0/0|0|0|0|0|0|0|0|0|0|0/0|0|0|Q|0|0|0|0|0|0|0
1621,q1,0,"[[5, 0]]",11,11,0|0|Q|0|0|0|0|0|0|0|0/0|0|0|0|0|Q|0|0|0|0|0/0|Q|0|0|0|0|0|0|0|0|0/0|0|0|0|0|0|0|0|Q|0|0/0|0|0|0|Q|0|0|0|0|0|0/Q|0|0|0|0|0|0|0|0|0|0/0|0|0|0|0|0|0|0|0|0|0/0|0|0|Q|0|0|0|0|0|0|0/0|0|0|0|0|0|Q|0|0|0|0/0|0|0|0|0|0|0|0|0|0|0/0|0|0|0|0|0|0|Q|0|0|0
1623,q1,1,"[[8, 0]]",11,11,0|0|0|0|0|0|Q|0|0|0|0/0|0|0|0|0|0|0|0|0|0|0/0|Q|0|0|0|0|0|0|0|0|0/0|0|0|0|Q|0|0|0|0|0|0/0|0|0|0|0|0|0|0|0|0|0/0|0|0|0|0|Q|0|0|0|0|0/0|0|0|0|0|0|0|0|Q|0|0/0|0|Q|0|0|0|0|0|0|0|0/Q|0|0|0|0|0|0|0|0|0|0/0|0|0|Q|0|0|0|0|0|0|0/0|0|0|0|0|0|0|Q|0|0|0
1646,q1,1,"[[9, 0]]",11,11,0|0|0|0|0|0|Q|0|0|0|0/0|0|0|0|0|0|0|0|0|0|0/0|0|0|0|0|Q|0|0|0|0|0/0|0|0|0|0|0|0|0|0|0|0/0|Q|0|0|0|0|0|0|0|0|0/0|0|0|0|0|0|0|Q|0|0|0/0|0|Q|0|0|0|0|0|0|0|0/0|0|0|0|0|0|0|0|Q|0|0/0|0|0|Q|0|0|0|0|0|0|0/Q|0|0|0|0|0|0|0|0|0|0/0|0|0|0|Q|0|0|0|0|0|0
1647,q1,0,"[[4, 0]]",11,11,0|0|0|Q|0|0|0|0|0|0|0/0|0|0|0|0|0|0|0|Q|0|0/0|0|0|0|Q|0|0|0|0|0|0/0|0|0|0|0|0|0|0|0|0|0/Q|0|0|0|0|0|0|0|0|0|0/0|0|0|0|0|Q|0|0|0|0|0/0|0|0|0|0|0|0|0|0|0|0/0|Q|0|0|0|0|0|0|0|0|0/0|0|0|0|0|0|Q|0|0|0|0/0|0|Q|0|0|0|0|0|0|0|0/0|0|0|0|0|0|0|Q|0|0|0
1664,q1,0,"[[2, 0]]",11,11,0|0|0|0|0|0|0|0|Q|0|0/0|0|0|0|0|Q|0|0|0|0|0/Q|0|0|0|0|0|0|0|0|0|0/0|0|0|0|0|0|0|0|0|0|0/0|0|0|0|0|0|0|Q|0|0|0/0|0|0|0|Q|0|0|0|0|0|0/0|Q|0|0|0|0|0|0|0|0|0/0|0|0|Q|0|0|0|0|0|0|0/0|0|0|0|0|0|0|0|0|0|0/0|0|0|0|0|0|Q|0|0|0|0/0|0|Q|0|0|0|0|0|0|0|0
1691,q1,0,"[[0, 0]]",11,11,Q|0|0|0|0|0|0|0|0|0|0/0|0|0|0|0|0|0|0|Q|0|0/0|0|0|0|Q|0|0|0|0|0|0/0|Q|0|0|0|0|0|0|0|0|0/0|0|0|0|0|0|0|Q|0|0|0/0|0|Q|0|0|0|0|0|0|0|0/0|0|0|0|0|0|0|0|0|0|0/0|0|0|0|0|0|Q|0|0|0|0/0|0|0|0|0|0|0|0|0|0|0/0|0|0|Q|0|0|0|0|0|0|0/0|0|0|0|0|Q|0|0|0|0|0
1696,q1,1,"[[9, 0]]",11,11,0|0|0|Q|0|0|0|0|0|0|0/0|0|0|0|0|0|0|0|0|0|0/0|0|0|0|0|0|Q|0|0|0|0/0|0|Q|0|0|0|0|0|0|0|0/0|0|0|0|0|0|0|0|0|0|0/0|0|0|0|0|Q|0|0|0|0|0/0|Q|0|0|0|0|0|0|0|0|0/0|0|0|0|0|0|0|0|Q|0|0/0|0|0|0|Q|0|0|0|0|0|0/Q|0|0|0|0|0|0|0|0|0|0/0|0|0|0|0|0|0|Q|0|0|0
1729,q1,1,"[[7, 0]]",11,11,0|0|0|0|0|0|0|0|0|0|0/0|0|0|Q|0|0|0|0|0|0|0/0|0|0|0|0|0|Q|0|0|0|0/0|0|Q|0|0|0|0|0|0|0|0/0|0|0|0|0|Q|0|0|0|0|0/0|Q|0|0|0|0|0|0|0|0|0/0|0|0|0|0|0|0|0|0|0|0/Q|0|0|0|0|0|0|0|0|0|0/0|0|0|0|0|0|0|0|Q|0|0/0|0|0|0|Q|0|0|0|0|0|0/0|0|0|0|0|0|0|Q|0|0|0
1731,q1,0,"[[1, 0]]",11,11,0|0|0|Q|0|0|0|0|0|0|0/Q|0|0|0|0|0|0|0|0|0|0/0|0|0|0|0|0|0|0|0|0|0/0|0|0|0|0|Q|0|0|0|0|0/0|0|0|0|0|0|0|0|0|0|0/0|Q|0|0|0|0|0|0|0|0|0/0|0|0|0|0|0|Q|0|0|0|0/0|0|0|0|0|0|0|0|Q|0|0/0|0|Q|0|0|0|0|0|0|0|0/0|0|0|0|Q|0|0|0|0|0|0/0|0|0|0|0|0|0|Q|0|0|0
1741,q1,0,"[[5, 0]]",11,11,0|0|0|0|0|0|0|Q|0|0|0/0|0|0|0|0|0|0|0|0|0|0/0|0|0|0|0|0|0|0|Q|0|0/0|Q|0|0|0|0|0|0|0|0|0/0|0|0|0|Q|0|0|0|0|0|0/Q|0|0|0|0|0|0|0|0|0|0/0|0|0|Q|0|0|0|0|0|0|0/0|0|0|0|0|0|Q|0|0|0|0/0|0|0|0|0|0|0|0|0|0|0/0|0|0|0|0|Q|0|0|0|0|0/0|0|Q|0|0|0|0|0|0|0|0
1798,q1,0,"[[1, 0]]",11,11,0|0|0|0|0|Q|0|0|0|0|0/Q|0|0|0|0|0|0|0|0|0|0/0|0|0|0|0|0|0|0|0|0|0/0|0|0|0|0|0|Q|0|0|0|0/0|0|0|0|Q|0|0|0|0|0|0/0|0|Q|0|0|0|0|0|0|0|0/0|0|0|0|0|0|0|0|Q|0|0/0|0|0|Q|0|0|0|0|0|0|0/0|0|0|0|0|0|0|0|0|0|0/0|0|0|0|0|0|0|Q|0|0|0/0|Q|0|0|0|0|0|0|0|0|0
1819,q1,1,"[[10, 0]]",11,11,0|0|0|0|0|0|Q|0|0|0|0/0|0|0|0|0|0|0|0|0|0|0/0|0|0|0|0|0|0|Q|0|0|0/0|0|Q|0|0|0|0|0|0|0|0/0|0|0|0|Q|0|0|0|0|0|0/0|0|0|0|0|0|0|0|0|0|0/0|Q|0|0|0|0|0|0|0|0|0/0|0|0|0|0|0|0|0|Q|0|0/0|0|0|0|0|Q|0|0|0|0|0/0|0|0|Q|0|0|0|0|0|0|0/Q|0|0|0|0|0|0|0|0|0|0
1833,q1,1,"[[6, 0]]",11,11,0|0|0|0|0|Q|0|0|0|0|0/0|0|Q|0|0|0|0|0|0|0|0/0|0|0|0|0|0|0|0|Q|0|0/0|0|0|0|0|0|0|0|0|0|0/0|0|0|Q|0|0|0|0|0|0|0/0|0|0|0|0|0|0|Q|0|0|0/Q|0|0|0|0|0|0|0|0|0|0/0|0|0|0|Q|0|0|0|0|0|0/0|Q|0|0|0|0|0|0|0|0|0/0|0|0|0|0|0|0|0|0|0|0/0|0|0|0|0|0|Q|0|0|0|0
1847,q1,0,"[[5, 0]]",11,11,0|Q|0|0|0|0|0|0|0|0|0/0|0|0|0|0|0|0|0|0|0|0/0|0|0|0|0|Q|0|0|0|0|0/0|0|0|0|0|0|0|Q|0|0|0/0|0|0|0|Q|0|0|0|0|0|0/Q|0|0|0|0|0|0|0|0|0|0/0|0|0|Q|0|0|0|0|0|0|0/0|0|0|0|0|0|0|0|0|0|0/0|0|0|0|0|0|Q|0|0|0|0/0|0|0|0|0|0|0|0|Q|0|0/0|0|Q|0|0|0|0|0|0|0|0
1852,q1,0,"[[4, 0]]",11,11,0|0|0|0|0|Q|0|0|0|0|0/0|0|0|0|0|0|0|0|0|0|0/0|0|0|0|0|0|Q|0|0|0|0/0|0|0|Q|0|0|0|0|0|0|0/Q|0|0|0|0|0|0|0|0|0|0/0|0|Q|0|0|0|0|0|0|0|0/0|0|0|0|0|0|0|Q|0|0|0/0|0|0|0|0|0|0|0|0|0|0/0|Q|0|0|0|0|0|0|0|0|0/0|0|0|0|0|0|0|0|Q|0|0/0|0|0|0|Q|0|0|0|0|0|0
1860,q1,1,"[[9, 0]]",11,11,0|0|Q|0|0|0|0|0|0|0|0/0|0|0|0|0|0|0|Q|0|0|0/0|0|0|0|0|0|0|0|0|0|0/0|0|0|0|Q|0|0|0|0|0|0/0|Q|0|0|0|0|0|0|0|0|0/0|0|0|0|0|Q|0|0|0|0|0/0|0|0|0|0|0|0|0|0|0|0/0|0|0|0|0|0|Q|0|0|0|0/0|0|0|Q|0|0|0|0|0|0|0/Q|0|0|0|0|0|0|0|0|0|0/0|0|0|0|0|0|0|0|Q|0|0
1884,q1,0,"[[1, 0]]",11,11,0|0|0|Q|0|0|0|0|0|0|0/Q|0|0|0|0|0|0|0|0|0|0/0|0|0|0|Q|0|0|0|0|0|0/0|0|0|0|0|0|0|Q|0|0|0/0|Q|0|0|0|0|0|0|0|0|0/0|0|0|0|0|0|0|0|0|0|0/0|0|0|0|0|0|Q|0|0|0|0/0|0|Q|0|0|0|0|0|0|0|0/0|0|0|0|0|0|0|0|0|0|0/0|0|0|0|0|Q|0|0|0|0|0/0|0|0|0|0|0|0|0|Q|0|0
1922,q1,1,"[[10, 0]]",11,11,0|0|0|0|0|0|Q|0|0|0|0/0|0|0|0|Q|0|0|0|0|0|0/0|0|Q|0|0|0|0|0|0|0|0/0|0|0|0|0|0|0|0|0|0|0/0|0|0|0|0|0|0|0|Q|0|0/0|0|0|Q|0|0|0|0|0|0|0/0|Q|0|0|0|0|0|0|0|0|0/0|0|0|0|0|0|0|0|0|0|0/0|0|0|0|0|0|0|Q|0|0|0/0|0|0|0|0|Q|0|0|0|0|0/Q|0|0|0|0|0|0|0|0|0|0
1927,q1,1,"[[6, 0]]",11,11,0|0|Q|0|0|0|0|0|0|0|0/0|0|0|0|0|0|0|0|0|0|0/0|0|0|0|0|0|Q|0|0|0|0/0|0|0|0|0|0|0|0|0|0|0/0|0|0|Q|0|0|0|0|0|0|0/0|0|0|0|0|Q|0|0|0|0|0/Q|0|0|0|0|0|0|0|0|0|0/0|0|0|0|0|0|0|0|Q|0|0/0|Q|0|0|0|0|0|0|0|0|0/0|0|0|0|Q|0|0|0|0|0|0/0|0|0|0|0|0|0|Q|0|0|0
1931,q1,0,"[[1, 0]]",11,11,0|0|0|0|0|0|Q|0|0|0|0/Q|0|0|0|0|0|0|0|0|0|0/0|0|0|0|0|Q|0|0|0|0|0/0|0|0|0|0|0|0|Q|0|0|0/0|0|0|0|0|0|0|0|0|0|0/0|0|0|Q|0|0|0|0|0|0|0/0|0|0|0|0|0|0|0|Q|0|0/0|0|Q|0|0|0|0|0|0|0|0/0|0|0|0|Q|0|0|0|0|0|0/0|0|0|0|0|0|0|0|0|0|0/0|Q|0|0|0|0|0|0|0|0|0
1981,q1,0,"[[3, 0]]",11,11,0|0|0|0|0|0|Q|0|0|0|0/0|0|0|0|0|0|0|0|Q|0|0/0|0|Q|0|0|0|0|0|0|0|0/Q|0|0|0|0|0|0|0|0|0|0/0|0|0|0|0|0|0|Q|0|0|0/0|0|0|0|0|0|0|0|0|0|0/0|0|0|0|Q|0|0|0|0|0|0/0|Q|0|0|0|0|0|0|0|0|0/0|0|0|0|0|0|0|0|0|0|0/0|0|0|0|0|Q|0|0|0|0|0/0|0|0|Q|0|0|0|0|0|0|0
1987,q1,0,"[[5, 0]]",11,11,0|0|0|Q|0|0|0|0|0|0|0/0|0|0|0|0|0|Q|0|0|0|0/0|0|Q|0|0|0|0|0|0|0|0/0|0|0|0|0|0|0|0|0|0|0/0|0|0|0|0|0|0|0|Q|0|0/Q|0|0|0|0|0|0|0|0|0|0/0|0|0|0|Q|0|0|0|0|0|0/0|0|0|0|0|0|0|0|0|0|0/0|Q|0|0|0|0|0|0|0|0|0/0|0|0|0|0|Q|0|0|0|0|0/0|0|0|0|0|0|0|Q|0|0|0
0029,q2,0,"[[0, 2]]",8,8,0|0|Q|0|0|0|0|0/0|0|0|0|Q|0|0|0/0|0|0|0|0|0|0|0/0|0|0|Q|0|0|0|0/Q|0|0|0|0|0|0|0/0|0|0|0|0|0|0|0/0|Q|0|0|0|0|0|0/0|0|0|0|0|Q|0|0
0056,q2,0,"[[0, 1]]",8,8,0|Q|0|0|0|0|0|0/0|0|0|0|Q|0|0|0/0|0|0|0|0|0|0|0/Q|0|0|0|0|0|0|0/0|0|Q|0|0|0|0|0/0|0|0|0|0|0|0|0/0|0|0|0|0|Q|0|0/0|0|0|Q|0|0|0|0
0065,q2,1,"[[0, 4]]",8,8,0|0|0|0|Q|0|0|0/0|Q|0|0|0|0|0|0/0|0|0|Q|0|0|0|0/0|0|0|0|0|Q|0|0/0|0|0|0|0|0|0|0/0|0|Q|0|0|0|0|0/Q|0|0|0|0|0|0|0/0|0|0|0|0|0|0|0
0069,q2,0,"[[1, 0]]",8,8,0|0|0|0|0|0|0|0/Q|0|0|0|0|0|0|0/0|0|Q|0|0|0|0|0/0|0|0|0|0|0|0|0/0|0|0|0|0|Q|0|0/0|0|0|Q|0|0|0|0/0|Q|0|0|0|0|0|0/0|0|0|0|Q|0|0|0
0070,q2,0,"[[0, 2]]",8,8,0|0|Q|0|0|0|0|0/0|0|0|0|0|Q|0|0/0|0|0|0|0|0|0|0/0|Q|0|0|0|0|0|0/0|0|0|Q|0|0|0|0/Q|0|0|0|0|0|0|0/0|0|0|0|0|0|0|0/0|0|0|0|Q|0|0|0
0099,q2,1,"[[1, 6]]",9,9,0|0|0|0|0|0|0|0|0/0|0|0|0|0|0|Q|0|0/0|0|0|Q|0|0|0|0|0/0|Q|0|0|0|0|0|0|0/0|0|0|0|0|0|0|0|0/0|0|0|0|0|Q|0|0|0/Q|0|0|0|0|0|0|0|0/0|0|Q|0|0|0|0|0|0/0|0|0|0|Q|0|0|0|0
0111,q2,1,"[[0, 5]]",9,9,0|0|0|0|0|Q|0|0|0/0|0|0|Q|0|0|0|0|0/0|Q|0|0|0|0|0|0|0/0|0|0|0|0|0|0|0|0/0|0|0|0|Q|0|0|0|0/0|0|0|0|0|0|0|0|0/Q|0|0|0|0|0|0|0|0/0|0|Q|0|0|0|0|0|0/0|0|0|0|0|0|Q|0|0
0124,q2,0,"[[0, 2]]",9,9,0|0|Q|0|0|0|0|0|0/0|0|0|0|0|0|0|0|0/0|0|0|0|0|Q|0|0|0/Q|0|0|0|0|0|0|0|0/0|0|0|0|0|0|0|0|0/0|Q|0|0|0|0|0|0|0/0|0|0|0|Q|0|0|0|0/0|0|0|0|0|0|Q|0|0/0|0|0|Q|0|0|0|0|0
0128,q2,0,"[[1, 3]]",9,9,0|0|0|0|0|0|0|0|0/0|0|0|Q|0|0|0|0|0/0|0|0|0|0|Q|0|0|0/0|0|0|0|0|0|0|0|0/0|0|Q|0|0|0|0|0|0/Q|0|0|0|0|0|0|0|0/0|0|0|0|0|0|Q|0|0/0|0|0|0|Q|0|0|0|0/0|Q|0|0|0|0|0|0|0
0210,q2,0,"[[1, 4]]",9,9,0|0|0|0|0|0|0|0|0/0|0|0|0|Q|0|0|0|0/0|Q|0|0|0|0|0|0|0/0|0|0|Q|0|0|0|0|0/Q|0|0|0|0|0|0|0|0/0|0|0|0|0|0|Q|0|0/0|0|0|0|0|0|0|0|0/0|0|Q|0|0|0|0|0|0/0|0|0|0|0|Q|0|0|0
0212,q2,0,"[[0, 2]]",9,9,0|0|Q|0|0|0|0|0|0/0|0|0|0|0|0|0|0|0/0|0|0|Q|0|0|0|0|0/Q|0|0|0|0|0|0|0|0/0|0|0|0|0|0|0|0|0/0|0|0|0|0|Q|0|0|0/0|Q|0|0|0|0|0|0|0/0|0|0|0|0|0|Q|0|0/0|0|0|0|Q|0|0|0|0
0247,q2,1,"[[0, 5]]",9,9,0|0|0|0|0|Q|0|0|0/Q|0|0|0|0|0|0|0|0/0|0|0|0|Q|0|0|0|0/0|Q|0|0|0|0|0|0|0/0|0|0|0|0|0|0|0|0/0|0|0|0|0|0|Q|0|0/0|0|0|Q|0|0|0|0|0/0|0|0|0|0|0|0|0|0/0|0|Q|0|0|0|0|0|0
0251,q2,1,"[[0, 5]]",9,9,0|0|0|0|0|Q|0|0|0/0|0|0|0|0|0|0|0|0/0|0|Q|0|0|0|0|0|0/Q|0|0|0|0|0|0|0|0/0|0|0|0|0|0|0|0|0/0|Q|0|0|0|0|0|0|0/0|0|0|0|Q|0|0|0|0/0|0|0|0|0|0|Q|0|0/0|0|0|Q|0|0|0|0|0
0254,q2,0,"[[0, 0]]",9,9,Q|0|0|0|0|0|0|0|0/0|0|0|0|0|0|Q|0|0/0|0|0|Q|0|0|0|0|0/0|0|0|0|0|0|0|0|0/0|0|Q|0|0|0|0|0|0/0|0|0|0|0|0|0|0|0/0|0|0|0|0|Q|0|0|0/0|Q|0|0|0|0|0|0|0/0|0|0|0|Q|0|0|0|0
0275,q2,0,"[[0, 3]]",9,9,0|0|0|Q|0|0|0|0|0/0|0|0|0|0|Q|0|0|0/0|0|0|0|0|0|0|0|0/0|0|Q|0|0|0|0|0|0/Q|0|0|0|0|0|0|0|0/0|0|0|0|0|0|Q|0|0/0|0|0|0|Q|0|0|0|0/0|Q|0|0|0|0|0|0|0/0|0|0|0|0|0|0|0|0
0281,q2,0,"[[0, 3]]",9,9,0|0|0|Q|0|0|0|0|0/0|Q|0|0|0|0|0|0|0/0|0|0|0|0|0|0|0|0/0|0|Q|0|0|0|0|0|0/0|0|0|0|0|0|0|0|0/0|0|0|0|0|0|Q|0|0/0|0|0|0|Q|0|0|0|0/Q|0|0|0|0|0|0|0|0/0|0|0|0|0|Q|0|0|0
0297,q2,0,"[[0, 3]]",9,9,0|0|0|Q|0|0|0|0|0/0|0|0|0|0|Q|0|0|0/Q|0|0|0|0|0|0|0|0/0|0|0|0|0|0|0|0|0/0|0|0|0|0|0|Q|0|0/0|0|Q|0|0|0|0|0|0/0|0|0|0|0|0|0|0|0/0|Q|0|0|0|0|0|0|0/0|0|0|0|Q|0|0|0|0
0324,q2,0,"[[0, 2]]",9,9,0|0|Q|0|0|0|0|0|0/0|0|0|0|0|Q|0|0|0/0|0|0|0|0|0|0|0|0/0|Q|0|0|0|0|0|0|0/0|0|0|0|0|0|0|0|0/Q|0|0|0|0|0|0|0|0/0|0|0|Q|0|0|0|0|0/0|0|0|0|0|0|Q|0|0/0|0|0|0|Q|0|0|0|0
0353,q2,0,"[[0, 4]]",9,9,0|0|0|0|Q|0|0|0|0/0|0|0|0|0|0|Q|0|0/0|0|0|0|0|0|0|0|0/0|0|0|Q|0|0|0|0|0/0|Q|0|0|0|0|0|0|0/0|0|0|0|0|0|0|0|0/0|0|0|0|0|Q|0|0|0/0|0|Q|0|0|0|0|0|0/Q|0|0|0|0|0|0|0|0
0361,q2,0,"[[0, 4]]",9,9,0|0|0|0|Q|0|0|0|0/0|0|0|0|0|0|Q|0|0/0|Q|0|0|0|0|0|0|0/0|0|0|0|0|Q|0|0|0/0|0|Q|0|0|0|0|0|0/Q|0|0|0|0|0|0|0|0/0|0|0|0|0|0|0|0|0/0|0|0|Q|0|0|0|0|0/0|0|0|0|0|0|0|0|0
0368,q2,0,"[[0, 0]]",9,9,Q|0|0|0|0|0|0|0|0/0|0|0|Q|0|0|0|0|0/0|0|0|0|0|0|0|0|0/0|0|Q|0|0|0|0|0|0/0|0|0|0|0|0|0|0|0/0|0|0|0|0|0|Q|0|0/0|0|0|0|Q|0|0|0|0/0|Q|0|0|0|0|0|0|0/0|0|0|0|0|Q|0|0|0
0374,q2,0,"[[0, 3]]",9,9,0|0|0|Q|0|0|0|0|0/0|0|0|0|0|Q|0|0|0/0|0|0|0|0|0|0|0|0/0|Q|0|0|0|0|0|0|0/0|0|0|0|Q|0|0|0|0/0|0|0|0|0|0|Q|0|0/0|0|0|0|0|0|0|0|0/Q|0|0|0|0|0|0|0|0/0|0|Q|0|0|0|0|0|0
0383,q2,1,"[[0, 5]]",9,9,0|0|0|0|0|Q|0|0|0/0|0|0|0|0|0|0|0|0/0|0|Q|0|0|0|0|0|0/0|0|0|0|0|0|Q|0|0/0|0|0|0|0|0|0|0|0/0|Q|0|0|0|0|0|0|0/0|0|0|0|Q|0|0|0|0/Q|0|0|0|0|0|0|0|0/0|0|0|Q|0|0|0|0|0
0450,q2,0,"[[0, 4]]",10,10,0|0|0|0|Q|0|0|0|0|0/Q|0|0|0|0|0|0|0|0|0/0|0|0|Q|0|0|0|0|0|0/0|0|0|0|0|0|0|0|0|0/0|0|0|0|0|0|Q|0|0|0/0|Q|0|0|0|0|0|0|0|0/0|0|0|0|0|0|0|0|0|0/0|0|Q|0|0|0|0|0|0|0/0|0|0|0|0|Q|0|0|0|0/0|0|0|0|0|0|0|Q|0|0
0478,q2,1,"[[0, 6]]",10,10,0|0|0|0|0|0|Q|0|0|0/0|0|0|0|0|0|0|0|0|0/0|0|0|0|0|Q|0|0|0|0/0|0|Q|0|0|0|0|0|0|0/Q|0|0|0|0|0|0|0|0|0/0|0|0|0|0|0|0|Q|0|0/0|0|0|0|Q|0|0|0|0|0/0|Q|0|0|0|0|0|0|0|0/0|0|0|Q|0|0|0|0|0|0/0|0|0|0|0|0|0|0|0|0
0507,q2,1,"[[0, 6]]",10,10,0|0|0|0|0|0|Q|0|0|0/0|0|Q|0|0|0|0|0|0|0/0|0|0|0|0|0|0|Q|0|0/0|Q|0|0|0|0|0|0|0|0/0|0|0|0|Q|0|0|0|0|0/Q|0|0|0|0|0|0|0|0|0/0|0|0|0|0|0|0|0|0|0/0|0|0|Q|0|0|0|0|0|0/0|0|0|0|0|Q|0|0|0|0/0|0|0|0|0|0|0|0|0|0
0572,q2,0,"[[0, 0]]",10,10,Q|0|0|0|0|0|0|0|0|0/0|0|0|Q|0|0|0|0|0|0/0|0|0|0|0|0|Q|0|0|0/0|0|0|0|0|0|0|0|0|0/0|0|0|0|0|0|0|Q|0|0/0|0|0|0|Q|0|0|0|0|0/0|Q|0|0|0|0|0|0|0|0/0|0|0|0|0|0|0|0|0|0/0|0|Q|0|0|0|0|0|0|0/0|0|0|0|0|Q|0|0|0|0
0584,q2,0,"[[0, 0]]",10,10,Q|0|0|0|0|0|0|0|0|0/0|0|Q|0|0|0|0|0|0|0/0|0|0|0|0|Q|0|0|0|0/0|0|0|0|0|0|0|Q|0|0/0|0|0|0|0|0|0|0|0|0/0|0|0|0|Q|0|0|0|0|0/0|0|0|0|0|0|0|0|0|0/0|Q|0|0|0|0|0|0|0|0/0|0|0|Q|0|0|0|0|0|0/0|0|0|0|0|0|Q|0|0|0
0585,q2,0,"[[0, 3]]",10,10,0|0|0|Q|0|0|0|0|0|0/0|0|0|0|0|0|0|0|0|0/0|0|0|0|Q|0|0|0|0|0/0|Q|0|0|0|0|0|0|0|0/0|0|0|0|0|0|0|0|0|0/0|0|0|0|0|0|Q|0|0|0/0|0|Q|0|0|0|0|0|0|0/0|0|0|0|0|0|0|Q|0|0/0|0|0|0|0|Q|0|0|0|0/Q|0|0|0|0|0|0|0|0|0
0628,q2,0,"[[1, 2]]",10,10,0|0|0|0|0|0|0|0|0|0/0|0|Q|0|0|0|0|0|0|0/Q|0|0|0|0|0|0|0|0|0/0|0|0|Q|0|0|0|0|0|0/0|0|0|0|0|0|Q|0|0|0/0|0|0|0|0|0|0|0|0|0/0|Q|0|0|0|0|0|0|0|0/0|0|0|0|Q|0|0|0|0|0/0|0|0|0|0|0|0|Q|0|0/0|0|0|0|0|Q|0|0|0|0
0651,q2,0,"[[1, 1]]",10,10,0|0|0|0|0|0|0|0|0|0/0|Q|0|0|0|0|0|0|0|0/0|0|0|0|0|0|0|0|0|0/0|0|Q|0|0|0|0|0|0|0/0|0|0|0|0|Q|0|0|0|0/0|0|0|0|0|0|0|Q|0|0/Q|0|0|0|0|0|0|0|0|0/0|0|0|Q|0|0|0|0|0|0/0|0|0|0|0|0|Q|0|0|0/0|0|0|0|Q|0|0|0|0|0
0674,q2,0,"[[0, 4]]",10,10,0|0|0|0|Q|0|0|0|0|0/0|Q|0|0|0|0|0|0|0|0/0|0|0|0|0|0|0|0|0|0/0|0|0|0|0|0|Q|0|0|0/0|0|0|Q|0|0|0|0|0|0/Q|0|0|0|0|0|0|0|0|0/0|0|Q|0|0|0|0|0|0|0/0|0|0|0|0|0|0|0|0|0/0|0|0|0|0|Q|0|0|0|0/0|0|0|0|0|0|0|Q|0|0
0678,q2,1,"[[0, 5]]",10,10,0|0|0|0|0|Q|0|0|0|0/0|0|0|Q|0|0|0|0|0|0/0|0|0|0|0|0|0|0|0|0/Q|0|0|0|0|0|0|0|0|0/0|0|Q|0|0|0|0|0|0|0/0|0|0|0|0|0|0|0|0|0/0|0|0|0|0|0|Q|0|0|0/0|Q|0|0|0|0|0|0|0|0/0|0|0|0|0|0|0|Q|0|0/0|0|0|0|Q|0|0|0|0|0
0746,q2,0,"[[0, 4]]",10,10,0|0|0|0|Q|0|0|0|0|0/0|0|Q|0|0|0|0|0|0|0/0|0|0|0|0|0|0|0|0|0/0|0|0|0|0|Q|0|0|0|0/0|0|0|0|0|0|0|0|0|0/0|Q|0|0|0|0|0|0|0|0/0|0|0|0|0|0|Q|0|0|0/Q|0|0|0|0|0|0|0|0|0/0|0|0|Q|0|0|0|0|0|0/0|0|0|0|0|0|0|Q|0|0
0755,q2,0,"[[0, 4]]",10,10,0|0|0|0|Q|0|0|0|0|0/0|0|Q|0|0|0|0|0|0|0/Q|0|0|0|0|0|0|0|0|0/0|0|0|0|0|0|0|0|0|0/0|0|0|0|0|0|Q|0|0|0/0|0|0|0|0|0|0|0|0|0/0|0|0|Q|0|0|0|0|0|0/0|Q|0|0|0|0|0|0|0|0/0|0|0|0|0|0|0|Q|0|0/0|0|0|0|0|Q|0|0|0|0
0787,q2,0,"[[0, 3]]",10,10,0|0|0|Q|0|0|0|0|0|0/0|0|0|0|0|0|Q|0|0|0/0|0|0|0|0|0|0|0|0|0/0|0|0|0|0|Q|0|0|0|0/0|Q|0|0|0|0|0|0|0|0/0|0|0|0|0|0|0|0|0|0/Q|0|0|0|0|0|0|0|0|0/0|0|Q|0|0|0|0|0|0|0/0|0|0|0|Q|0|0|0|0|0/0|0|0|0|0|0|0|Q|0|0
0792,q2,1,"[[1, 6]]",10,10,0|0|0|0|0|0|0|0|0|0/0|0|0|0|0|0|Q|0|0|0/0|0|Q|0|0|0|0|0|0|0/Q|0|0|0|0|0|0|0|0|0/0|0|0|0|0|Q|0|0|0|0/0|Q|0|0|0|0|0|0|0|0/0|0|0|0|Q|0|0|0|0|0/0|0|0|0|0|0|0|0|0|0/0|0|0|0|0|0|0|Q|0|0/0|0|0|Q|0|0|0|0|0|0
0824,q2,1,"[[1, 7]]",10,10,0|0|0|0|0|0|0|0|0|0/0|0|0|0|0|0|0|Q|0|0/0|0|0|0|Q|0|0|0|0|0/0|0|Q|0|0|0|0|0|0|0/Q|0|0|0|0|0|0|0|0|0/0|0|0|0|0|Q|0|0|0|0/0|Q|0|0|0|0|0|0|0|0/0|0|0|0|0|0|0|0|0|0/0|0|0|0|0|0|Q|0|0|0/0|0|0|Q|0|0|0|0|0|0
0857,q2,1,"[[0, 6]]",10,10,0|0|0|0|0|0|Q|0|0|0/0|0|0|Q|0|0|0|0|0|0/0|Q|0|0|0|0|0|0|0|0/0|0|0|0|Q|0|0|0|0|0/0|0|0|0|0|0|0|Q|0|0/0|0|0|0|0|0|0|0|0|0/0|0|Q|0|0|0|0|0|0|0/0|0|0|0|0|Q|0|0|0|0/0|0|0|0|0|0|0|0|0|0/Q|0|0|0|0|0|0|0|0|0
0889,q2,0,"[[0, 4]]",10,10,0|0|0|0|Q|0|0|0|0|0/Q|0|0|0|0|0|0|0|0|0/0|0|0|0|0|0|0|Q|0|0/0|0|0|0|0|Q|0|0|0|0/0|0|Q|0|0|0|0|0|0|0/0|0|0|0|0|0|0|0|0|0/0|Q|0|0|0|0|0|0|0|0/0|0|0|Q|0|0|0|0|0|0/0|0|0|0|0|0|0|0|0|0/0|0|0|0|0|0|Q|0|0|0
0905,q2,0,"[[0, 4]]",10,10,0|0|0|0|Q|0|0|0|0|0/0|0|0|0|0|0|Q|0|0|0/0|Q|0|0|0|0|0|0|0|0/0|0|0|0|0|0|0|0|0|0/0|0|0|0|0|0|0|Q|0|0/0|0|0|Q|0|0|0|0|0|0/Q|0|0|0|0|0|0|0|0|0/0|0|Q|0|0|0|0|0|0|0/0|0|0|0|0|0|0|0|0|0/0|0|0|0|0|Q|0|0|0|0
0907,q2,0,"[[0, 0]]",10,10,Q|0|0|0|0|0|0|0|0|0/0|0|0|0|0|0|0|Q|0|0/0|0|0|0|0|Q|0|0|0|0/0|0|Q|0|0|0|0|0|0|0/0|0|0|0|0|0|0|0|0|0/0|Q|0|0|0|0|0|0|0|0/0|0|0|0|Q|0|0|0|0|0/0|0|0|0|0|0|0|0|0|0/0|0|0|Q|0|0|0|0|0|0/0|0|0|0|0|0|Q|0|0|0
0909,q2,0,"[[0, 3]]",10,10,0|0|0|Q|0|0|0|0|0|0/0|0|0|0|0|0|Q|0|0|0/0|0|Q|0|0|0|0|0|0|0/0|0|0|0|0|Q|0|0|0|0/0|Q|0|0|0|0|0|0|0|0/0|0|0|0|0|0|0|0|0|0/Q|0|0|0|0|0|0|0|0|0/0|0|0|0|0|0|0|0|0|0/0|0|0|0|Q|0|0|0|0|0/0|0|0|0|0|0|0|Q|0|0
0938,q2,0,"[[0, 1]]",10,10,0|Q|0|0|0|0|0|0|0|0/0|0|0|0|0|Q|0|0|0|0/0|0|0|0|0|0|0|Q|0|0/0|0|Q|0|0|0|0|0|0|0/0|0|0|0|0|0|Q|0|0|0/0|0|0|Q|0|0|0|0|0|0/0|0|0|0|0|0|0|0|0|0/Q|0|0|0|0|0|0|0|0|0/0|0|0|0|0|0|0|0|0|0/0|0|0|0|Q|0|0|0|0|0
0944,q2,1,"[[0, 5]]",10,10,0|0|0|0|0|Q|0|0|0|0/0|0|0|Q|0|0|0|0|0|0/0|Q|0|0|0|0|0|0|0|0/0|0|0|0|0|0|0|Q|0|0/0|0|0|0|Q|0|0|0|0|0/0|0|0|0|0|0|0|0|0|0/Q|0|0|0|0|0|0|0|0|0/0|0|Q|0|0|0|0|0|0|0/0|0|0|0|0|0|0|0|0|0/0|0|0|0|0|0|Q|0|0|0
0964,q2,1,"[[0, 5]]",10,10,0|0|0|0|0|Q|0|0|0|0/0|0|0|0|0|0|0|0|0|0/0|0|Q|0|0|0|0|0|0|0/0|0|0|0|Q|0|0|0|0|0/0|0|0|0|0|0|0|Q|0|0/0|Q|0|0|0|0|0|0|0|0/0|0|0|0|0|0|0|0|0|0/0|0|0|0|0|0|Q|0|0|0/Q|0|0|0|0|0|0|0|0|0/0|0|0|Q|0|0|0|0|0|0
0987,q2,0,"[[0, 3]]",10,10,0|0|0|Q|0|0|0|0|0|0/0|Q|0|0|0|0|0|0|0|0/0|0|0|0|0|0|0|Q|0|0/0|0|0|0|0|Q|0|0|0|0/0|0|0|0|0|0|0|0|0|0/Q|0|0|0|0|0|0|0|0|0/0|0|0|0|Q|0|0|0|0|0/0|0|0|0|0|0|Q|0|0|0/0|0|0|0|0|0|0|0|0|0/0|0|Q|0|0|0|0|0|0|0
1054,q2,1,"[[0, 6]]",10,10,0|0|0|0|0|0|Q|0|0|0/0|0|0|0|Q|0|0|0|0|0/Q|0|0|0|0|0|0|0|0|0/0|0|0|0|0|0|0|Q|0|0/0|0|0|0|0|Q|0|0|0|0/0|0|Q|0|0|0|0|0|0|0/0|0|0|0|0|0|0|0|0|0/0|Q|0|0|0|0|0|0|0|0/0|0|0|Q|0|0|0|0|0|0/0|0|0|0|0|0|0|0|0|0
1078,q2,0,"[[0, 4]]",10,10,0|0|0|0|Q|0|0|0|0|0/0|0|Q|0|0|0|0|0|0|0/0|0|0|0|0|0|0|0|0|0/0|0|0|0|0|Q|0|0|0|0/0|0|0|Q|0|0|0|0|0|0/0|0|0|0|0|0|0|0|0|0/Q|0|0|0|0|0|0|0|0|0/0|0|0|0|0|0|0|Q|0|0/0|Q|0|0|0|0|0|0|0|0/0|0|0|0|0|0|Q|0|0|0
1080,q2,1,"[[0, 6]]",10,10,0|0|0|0|0|0|Q|0|0|0/0|0|0|0|0|0|0|0|0|0/0|Q|0|0|0|0|0|0|0|0/0|0|0|0|Q|0|0|0|0|0/Q|0|0|0|0|0|0|0|0|0/0|0|0|Q|0|0|0|0|0|0/0|0|0|0|0|0|0|0|0|0/0|0|0|0|0|0|0|Q|0|0/0|0|0|0|0|Q|0|0|0|0/0|0|Q|0|0|0|0|0|0|0
1083,q2,0,"[[1, 1]]",10,10,0|0|0|0|0|0|0|0|0|0/0|Q|0|0|0|0|0|0|0|0/0|0|0|0|0|0|0|Q|0|0/Q|0|0|0|0|0|0|0|0|0/0|0|0|Q|0|0|0|0|0|0/0|0|0|0|0|0|Q|0|0|0/0|0|0|0|0|0|0|0|0|0/0|0|0|0|0|Q|0|0|0|0/0|0|Q|0|0|0|0|0|0|0/0|0|0|0|Q|0|0|0|0|0
1089,q2,1,"[[0, 6]]",10,10,0|0|0|0|0|0|Q|0|0|0/0|Q|0|0|0|0|0|0|0|0/0|0|0|0|0|0|0|Q|0|0/Q|0|0|0|0|0|0|0|0|0/0|0|0|0|0|0|0|0|0|0/0|0|0|Q|0|0|0|0|0|0/0|0|0|0|0|Q|0|0|0|0/0|0|0|0|0|0|0|0|0|0/0|0|Q|0|0|0|0|0|0|0/0|0|0|0|Q|0|0|0|0|0
1118,q2,1,"[[1, 6]]",10,10,0|0|0|0|0|0|0|0|0|0/0|0|0|0|0|0|Q|0|0|0/0|0|0|0|Q|0|0|0|0|0/0|0|Q|0|0|0|0|0|0|0/Q|0|0|0|0|0|0|0|0|0/0|0|0|0|0|0|0|0|0|0/0|0|0|0|0|0|0|Q|0|0/0|0|0|0|0|Q|0|0|0|0/0|0|0|Q|0|0|0|0|0|0/0|Q|0|0|0|0|0|0|0|0
1179,q2,0,"[[0, 2]]",11,11,0|0|Q|0|0|0|0|0|0|0|0/0|0|0|0|0|0|0|0|Q|0|0/0|0|0|0|0|Q|0|0|0|0|0/0|0|0|Q|0|0|0|0|0|0|0/0|0|0|0|0|0|0|0|0|0|0/Q|0|0|0|0|0|0|0|0|0|0/0|0|0|0|0|0|0|Q|0|0|0/0|Q|0|0|0|0|0|0|0|0|0/0|0|0|0|Q|0|0|0|0|0|0/0|0|0|0|0|0|Q|0|0|0|0/0|0|0|0|0|0|0|0|0|0|0
1182,q2,0,"[[0, 1]]",11,11,0|Q|0|0|0|0|0|0|0|0|0/0|0|0|0|0|0|Q|0|0|0|0/0|0|0|0|Q|0|0|0|0|0|0/0|0|0|0|0|0|0|0|0|0|0/0|0|0|0|0|0|0|Q|0|0|0/0|0|0|Q|0|0|0|0|0|0|0/0|0|0|0|0|0|0|0|0|0|0/0|0|Q|0|0|0|0|0|0|0|0/0|0|0|0|0|Q|0|0|0|0|0/0|0|0|0|0|0|0|0|Q|0|0/Q|0|0|0|0|0|0|0|0|0|0
1233,q2,0,"[[0, 5]]",11,11,0|0|0|0|0|Q|0|0|0|0|0/0|0|0|0|0|0|0|Q|0|0|0/0|0|Q|0|0|0|0|0|0|0|0/0|0|0|0|0|0|Q|0|0|0|0/0|0|0|Q|0|0|0|0|0|0|0/0|0|0|0|0|0|0|0|0|0|0/Q|0|0|0|0|0|0|0|0|0|0/0|0|0|0|0|0|0|0|Q|0|0/0|0|0|0|0|0|0|0|0|0|0/0|0|0|0|Q|0|0|0|0|0|0/0|Q|0|0|0|0|0|0|0|0|0
1244,q2,1,"[[0, 7]]",11,11,0|0|0|0|0|0|0|Q|0|0|0/Q|0|0|0|0|0|0|0|0|0|0/0|0|0|0|Q|0|0|0|0|0|0/0|Q|0|0|0|0|0|0|0|0|0/0|0|0|0|0|Q|0|0|0|0|0/0|0|0|0|0|0|0|0|0|0|0/0|0|Q|0|0|0|0|0|0|0|0/0|0|0|0|0|0|0|0|0|0|0/0|0|0|0|0|0|0|0|Q|0|0/0|0|0|0|0|0|Q|0|0|0|0/0|0|0|Q|0|0|0|0|0|0|0
1273,q2,0,"[[0, 0]]",11,11,Q|0|0|0|0|0|0|0|0|0|0/0|0|0|0|0|0|0|0|0|0|0/0|0|0|0|0|Q|0|0|0|0|0/0|0|0|0|0|0|0|Q|0|0|0/0|0|Q|0|0|0|0|0|0|0|0/0|0|0|0|Q|0|0|0|0|0|0/0|0|0|0|0|0|0|0|Q|0|0/0|Q|0|0|0|0|0|0|0|0|0/0|0|0|0|0|0|0|0|0|0|0/0|0|0|0|0|0|Q|0|0|0|0/0|0|0|Q|0|0|0|0|0|0|0
1289,q2,0,"[[0, 2]]",11,11,0|0|Q|0|0|0|0|0|0|0|0/0|0|0|0|Q|0|0|0|0|0|0/0|0|0|0|0|0|Q|0|0|0|0/0|0|0|0|0|0|0|0|Q|0|0/0|0|0|0|0|0|0|0|0|0|0/0|Q|0|0|0|0|0|0|0|0|0/0|0|0|Q|0|0|0|0|0|0|0/0|0|0|0|0|Q|0|0|0|0|0/0|0|0|0|0|0|0|Q|0|0|0/0|0|0|0|0|0|0|0|0|0|0/Q|0|0|0|0|0|0|0|0|0|0
1290,q2,1,"[[0, 6]]",11,11,0|0|0|0|0|0|Q|0|0|0|0/0|0|0|Q|0|0|0|0|0|0|0/0|Q|0|0|0|0|0|0|0|0|0/0|0|0|0|0|0|0|0|0|0|0/0|0|0|0|0|0|0|0|Q|0|0/0|0|0|0|0|Q|0|0|0|0|0/0|0|Q|0|0|0|0|0|0|0|0/Q|0|0|0|0|0|0|0|0|0|0/0|0|0|0|0|0|0|0|0|0|0/0|0|0|0|0|0|0|Q|0|0|0/0|0|0|0|Q|0|0|0|0|0|0
1292,q2,1,"[[0, 6]]",11,11,0|0|0|0|0|0|Q|0|0|0|0/0|0|0|0|Q|0|0|0|0|0|0/0|0|Q|0|0|0|0|0|0|0|0/0|0|0|0|0|0|0|0|Q|0|0/0|0|0|Q|0|0|0|0|0|0|0/0|0|0|0|0|0|0|Q|0|0|0/0|0|0|0|0|0|0|0|0|0|0/0|Q|0|0|0|0|0|0|0|0|0/0|0|0|0|0|0|0|0|0|0|0/0|0|0|0|0|Q|0|0|0|0|0/Q|0|0|0|0|0|0|0|0|0|0
1323,q2,1,"[[0, 8]]",11,11,0|0|0|0|0|0|0|0|Q|0|0/0|0|0|0|Q|0|0|0|0|0|0/0|Q|0|0|0|0|0|0|0|0|0/0|0|0|0|0|0|0|Q|0|0|0/0|0|0|0|0|0|0|0|0|0|0/0|0|0|0|0|0|Q|0|0|0|0/0|0|0|Q|0|0|0|0|0|0|0/Q|0|0|0|0|0|0|0|0|0|0/0|0|0|0|0|0|0|0|0|0|0/0|0|0|0|0|Q|0|0|0|0|0/0|0|Q|0|0|0|0|0|0|0|0
1333,q2,0,"[[0, 5]]",11,11,0|0|0|0|0|Q|0|0|0|0|0/0|0|0|0|0|0|0|0|0|0|0/0|0|0|0|Q|0|0|0|0|0|0/0|Q|0|0|0|0|0|0|0|0|0/0|0|0|0|0|0|0|0|Q|0|0/0|0|Q|0|0|0|0|0|0|0|0/0|0|0|0|0|0|0|Q|0|0|0/0|0|0|0|0|0|0|0|0|0|0/0|0|0|Q|0|0|0|0|0|0|0/Q|0|0|0|0|0|0|0|0|0|0/0|0|0|0|0|0|Q|0|0|0|0
1395,q2,0,"[[0, 3]]",11,11,0|0|0|Q|0|0|0|0|0|0|0/0|0|0|0|0|0|0|0|0|0|0/0|0|0|0|Q|0|0|0|0|0|0/0|0|0|0|0|0|0|0|0|0|0/0|0|0|0|0|Q|0|0|0|0|0/Q|0|0|0|0|0|0|0|0|0|0/0|0|Q|0|0|0|0|0|0|0|0/0|0|0|0|0|0|Q|0|0|0|0/0|0|0|0|0|0|0|0|Q|0|0/0|Q|0|0|0|0|0|0|0|0|0/0|0|0|0|0|0|0|Q|0|0|0
1450,q2,0,"[[0, 2]]",11,11,0|0|Q|0|0|0|0|0|0|0|0/0|0|0|0|0|0|0|0|0|0|0/0|0|0|0|0|Q|0|0|0|0|0/0|0|0|0|0|0|0|0|0|0|0/0|0|0|0|Q|0|0|0|0|0|0/Q|0|0|0|0|0|0|0|0|0|0/0|0|0|0|0|0|0|Q|0|0|0/0|0|0|Q|0|0|0|0|0|0|0/0|Q|0|0|0|0|0|0|0|0|0/0|0|0|0|0|0|Q|0|0|0|0/0|0|0|0|0|0|0|0|Q|0|0
1453,q2,1,"[[1, 7]]",11,11,0|0|0|0|0|0|0|0|0|0|0/0|0|0|0|0|0|0|Q|0|0|0/0|Q|0|0|0|0|0|0|0|0|0/0|0|0|0|Q|0|0|0|0|0|0/0|0|Q|0|0|0|0|0|0|0|0/Q|0|0|0|0|0|0|0|0|0|0/0|0|0|0|0|0|0|0|Q|0|0/0|0|0|0|0|0|0|0|0|0|0/0|0|0|0|0|Q|0|0|0|0|0/0|0|0|Q|0|0|0|0|0|0|0/0|0|0|0|0|0|Q|0|0|0|0
1473,q2,1,"[[0, 6]]",11,11,0|0|0|0|0|0|Q|0|0|0|0/0|0|0|Q|0|0|0|0|0|0|0/0|0|0|0|0|0|0|0|0|0|0/0|0|Q|0|0|0|0|0|0|0|0/0|0|0|0|0|0|0|Q|0|0|0/0|0|0|0|0|0|0|0|0|0|0/0|0|0|0|Q|0|0|0|0|0|0/0|Q|0|0|0|0|0|0|0|0|0/0|0|0|0|0|0|0|0|Q|0|0/Q|0|0|0|0|0|0|0|0|0|0/0|0|0|0|0|Q|0|0|0|0|0
1474,q2,0,"[[0, 5]]",11,11,0|0|0|0|0|Q|0|0|0|0|0/0|0|0|0|0|0|0|0|0|0|0/0|Q|0|0|0|0|0|0|0|0|0/0|0|0|Q|0|0|0|0|0|0|0/0|0|0|0|0|0|0|0|Q|0|0/0|0|0|0|0|0|Q|0|0|0|0/0|0|Q|0|0|0|0|0|0|0|0/Q|0|0|0|0|0|0|0|0|0|0/0|0|0|0|0|0|0|0|0|0|0/0|0|0|0|0|0|0|Q|0|0|0/0|0|0|0|Q|0|0|0|0|0|0
1483,q2,1,"[[0, 8]]",11,11,0|0|0|0|0|0|0|0|Q|0|0/0|0|0|Q|0|0|0|0|0|0|0/0|Q|0|0|0|0|0|0|0|0|0/0|0|0|0|0|0|0|Q|0|0|0/0|0|0|0|0|0|0|0|0|0|0/0|0|Q|0|0|0|0|0|0|0|0/Q|0|0|0|0|0|0|0|0|0|0/0|0|0|0|0|Q|0|0|0|0|0/0|0|0|0|0|0|0|0|0|0|0/0|0|0|0|Q|0|0|0|0|0|0/0|0|0|0|0|0|Q|0|0|0|0
1487,q2,0,"[[0, 5]]",11,11,0|0|0|0|0|Q|0|0|0|0|0/0|0|Q|0|0|0|0|0|0|0|0/0|0|0|0|0|0|Q|0|0|0|0/0|Q|0|0|0|0|0|0|0|0|0/0|0|0|0|0|0|0|0|0|0|0/0|0|0|0|0|0|0|Q|0|0|0/0|0|0|0|0|0|0|0|0|0|0/0|0|0|0|Q|0|0|0|0|0|0/0|0|0|0|0|0|0|0|Q|0|0/Q|0|0|0|0|0|0|0|0|0|0/0|0|0|Q|0|0|0|0|0|0|0
1502,q2,1,"[[0, 6]]",11,11,0|0|0|0|0|0|Q|0|0|0|0/0|0|0|0|Q|0|0|0|0|0|0/0|0|0|0|0|0|0|0|0|0|0/0|Q|0|0|0|0|0|0|0|0|0/0|0|0|0|0|Q|0|0|0|0|0/0|0|Q|0|0|0|0|0|0|0|0/0|0|0|0|0|0|0|0|0|0|0/0|0|0|0|0|0|0|Q|0|0|0/Q|0|0|0|0|0|0|0|0|0|0/0|0|0|0|0|0|0|0|Q|0|0/0|0|0|Q|0|0|0|0|0|0|0
1512,q2,0,"[[0, 4]]",11,11,0|0|0|0|Q|0|0|0|0|0|0/0|0|0|0|0|0|0|0|0|0|0/0|0|0|0|0|0|0|Q|0|0|0/0|0|0|Q|0|0|0|0|0|0|0/0|Q|0|0|0|0|0|0|0|0|0/0|0|0|0|0|0|0|0|Q|0|0/0|0|0|0|0|Q|0|0|0|0|0/Q|0|0|0|0|0|0|0|0|0|0/0|0|0|0|0|0|Q|0|0|0|0/0|0|0|0|0|0|0|0|0|0|0/0|0|Q|0|0|0|0|0|0|0|0
1532,q2,1,"[[0, 7]]",11,11,0|0|0|0|0|0|0|Q|0|0|0/0|0|Q|0|0|0|0|0|0|0|0/0|0|0|0|Q|0|0|0|0|0|0/0|0|0|0|0|0|0|0|0|0|0/0|Q|0|0|0|0|0|0|0|0|0/0|0|0|0|0|0|0|0|Q|0|0/0|0|0|0|0|Q|0|0|0|0|0/0|0|0|Q|0|0|0|0|0|0|0/0|0|0|0|0|0|Q|0|0|0|0/Q|0|0|0|0|0|0|0|0|0|0/0|0|0|0|0|0|0|0|0|0|0
1555,q2,0,"[[0, 5]]",11,11,0|0|0|0|0|Q|0|0|0|0|0/0|0|0|0|0|0|0|0|0|0|0/0|0|Q|0|0|0|0|0|0|0|0/0|0|0|0|0|0|Q|0|0|0|0/0|0|0|Q|0|0|0|0|0|0|0/0|0|0|0|0|0|0|Q|0|0|0/0|0|0|0|0|0|0|0|0|0|0/0|0|0|0|0|0|0|0|Q|0|0/Q|0|0|0|0|0|0|0|0|0|0/0|0|0|0|Q|0|0|0|0|0|0/0|Q|0|0|0|0|0|0|0|0|0
1556,q2,0,"[[0, 5]]",11,11,0|0|0|0|0|Q|0|0|0|0|0/Q|0|0|0|0|0|0|0|0|0|0/0|0|0|0|0|0|0|0|0|0|0/0|Q|0|0|0|0|0|0|0|0|0/0|0|0|0|0|0|0|0|0|0|0/0|0|0|0|0|0|0|Q|0|0|0/0|0|0|Q|0|0|0|0|0|0|0/0|0|0|0|0|0|0|0|Q|0|0/0|0|Q|0|0|0|0|0|0|0|0/0|0|0|0|Q|0|0|0|0|0|0/0|0|0|0|0|0|Q|0|0|0|0
1568,q2,0,"[[0, 5]]",11,11,0|0|0|0|0|Q|0|0|0|0|0/0|Q|0|0|0|0|0|0|0|0|0/0|0|0|0|Q|0|0|0|0|0|0/0|0|0|0|0|0|0|0|0|0|0/0|0|0|0|0|0|0|Q|0|0|0/0|0|0|0|0|0|0|0|0|0|0/0|0|0|Q|0|0|0|0|0|0|0/Q|0|0|0|0|0|0|0|0|0|0/0|0|Q|0|0|0|0|0|0|0|0/0|0|0|0|0|0|0|0|Q|0|0/0|0|0|0|0|0|Q|0|0|0|0
1608,q2,0,"[[0, 5]]",11,11,0|0|0|0|0|Q|0|0|0|0|0/0|0|0|Q|0|0|0|0|0|0|0/0|0|0|0|0|0|0|0|Q|0|0/Q|0|0|0|0|0|0|0|0|0|0/0|0|Q|0|0|0|0|0|0|0|0/0|0|0|0|0|0|Q|0|0|0|0/0|Q|0|0|0|0|0|0|0|0|0/0|0|0|0|0|0|0|0|0|0|0/0|0|0|0|0|0|0|Q|0|0|0/0|0|0|0|0|0|0|0|0|0|0/0|0|0|0|Q|0|0|0|0|0|0
1609,q2,1,"[[0, 8]]",11,11,0|0|0|0|0|0|0|0|Q|0|0/0|0|0|0|0|Q|0|0|0|0|0/0|0|Q|0|0|0|0|0|0|0|0/Q|0|0|0|0|0|0|0|0|0|0/0|0|0|0|0|0|0|Q|0|0|0/0|0|0|0|Q|0|0|0|0|0|0/0|Q|0|0|0|0|0|0|0|0|0/0|0|0|0|0|0|0|0|0|0|0/0|0|0|0|0|0|Q|0|0|0|0/0|0|0|0|0|0|0|0|0|0|0/0|0|0|Q|0|0|0|0|0|0|0
1621,q2,0,"[[0, 2]]",11,11,0|0|Q|0|0|0|0|0|0|0|0/0|0|0|0|0|Q|0|0|0|0|0/0|Q|0|0|0|0|0|0|0|0|0/0|0|0|0|0|0|0|0|Q|0|0/0|0|0|0|Q|0|0|0|0|0|0/Q|0|0|0|0|0|0|0|0|0|0/0|0|0|0|0|0|0|0|0|0|0/0|0|0|Q|0|0|0|0|0|0|0/0|0|0|0|0|0|Q|0|0|0|0/0|0|0|0|0|0|0|0|0|0|0/0|0|0|0|0|0|0|Q|0|0|0
1623,q2,1,"[[0, 6]]",11,11,0|0|0|0|0|0|Q|0|0|0|0/0|0|0|0|0|0|0|0|0|0|0/0|Q|0|0|0|0|0|0|0|0|0/0|0|0|0|Q|0|0|0|0|0|0/0|0|0|0|0|0|0|0|0|0|0/0|0|0|0|0|Q|0|0|0|0|0/0|0|0|0|0|0|0|0|Q|0|0/0|0|Q|0|0|0|0|0|0|0|0/Q|0|0|0|0|0|0|0|0|0|0/0|0|0|Q|0|0|0|0|0|0|0/0|0|0|0|0|0|0|Q|0|0|0
1646,q2,1,"[[0, 6]]",11,11,0|0|0|0|0|0|Q|0|0|0|0/0|0|0|0|0|0|0|0|0|0|0/0|0|0|0|0|Q|0|0|0|0|0/0|0|0|0|0|0|0|0|0|0|0/0|Q|0|0|0|0|0|0|0|0|0/0|0|0|0|0|0|0|Q|0|0|0/0|0|Q|0|0|0|0|0|0|0|0/0|0|0|0|0|0|0|0|Q|0|0/0|0|0|Q|0|0|0|0|0|0|0/Q|0|0|0|0|0|0|0|0|0|0/0|0|0|0|Q|0|0|0|0|0|0
1647,q2,0,"[[0, 3]]",11,11,0|0|0|Q|0|0|0|0|0|0|0/0|0|0|0|0|0|0|0|Q|0|0/0|0|0|0|Q|0|0|0|0|0|0/0|0|0|0|0|0|0|0|0|0|0/Q|0|0|0|0|0|0|0|0|0|0/0|0|0|0|0|Q|0|0|0|0|0/0|0|0|0|0|0|0|0|0|0|0/0|Q|0|0|0|0|0|0|0|0|0/0|0|0|0|0|0|Q|0|0|0|0/0|0|Q|0|0|0|0|0|0|0|0/0|0|0|0|0|0|0|Q|0|0|0
1664,q2,1,"[[0, 8]]",11,11,0|0|0|0|0|0|0|0|Q|0|0/0|0|0|0|0|Q|0|0|0|0|0/Q|0|0|0|0|0|0|0|0|0|0/0|0|0|0|0|0|0|0|0|0|0/0|0|0|0|0|0|0|Q|0|0|0/0|0|0|0|Q|0|0|0|0|0|0/0|Q|0|0|0|0|0|0|0|0|0/0|0|0|Q|0|0|0|0|0|0|0/0|0|0|0|0|0|0|0|0|0|0/0|0|0|0|0|0|Q|0|0|0|0/0|0|Q|0|0|0|0|0|0|0|0
1691,q2,0,"[[0, 0]]",11,11,Q|0|0|0|0|0|0|0|0|0|0/0|0|0|0|0|0|0|0|Q|0|0/0|0|0|0|Q|0|0|0|0|0|0/0|Q|0|0|0|0|0|0|0|0|0/0|0|0|0|0|0|0|Q|0|0|0/0|0|Q|0|0|0|0|0|0|0|0/0|0|0|0|0|0|0|0|0|0|0/0|0|0|0|0|0|Q|0|0|0|0/0|0|0|0|0|0|0|0|0|0|0/0|0|0|Q|0|0|0|0|0|0|0/0|0|0|0|0|Q|0|0|0|0|0
1696,q2,0,"[[0, 3]]",11,11,0|0|0|Q|0|0|0|0|0|0|0/0|0|0|0|0|0|0|0|0|0|0/0|0|0|0|0|0|Q|0|0|0|0/0|0|Q|0|0|0|0|0|0|0|0/0|0|0|0|0|0|0|0|0|0|0/0|0|0|0|0|Q|0|0|0|0|0/0|Q|0|0|0|0|0|0|0|0|0/0|0|0|0|0|0|0|0|Q|0|0/0|0|0|0|Q|0|0|0|0|0|0/Q|0|0|0|0|0|0|0|0|0|0/0|0|0|0|0|0|0|Q|0|0|0
1729,q2,0,"[[1, 3]]",11,11,0|0|0|0|0|0|0|0|0|0|0/0|0|0|Q|0|0|0|0|0|0|0/0|0|0|0|0|0|Q|0|0|0|0/0|0|Q|0|0|0|0|0|0|0|0/0|0|0|0|0|Q|0|0|0|0|0/0|Q|0|0|0|0|0|0|0|0|0/0|0|0|0|0|0|0|0|0|0|0/Q|0|0|0|0|0|0|0|0|0|0/0|0|0|0|0|0|0|0|Q|0|0/0|0|0|0|Q|0|0|0|0|0|0/0|0|0|0|0|0|0|Q|0|0|0
1731,q2,0,"[[0, 3]]",11,11,0|0|0|Q|0|0|0|0|0|0|0/Q|0|0|0|0|0|0|0|0|0|0/0|0|0|0|0|0|0|0|0|0|0/0|0|0|0|0|Q|0|0|0|0|0/0|0|0|0|0|0|0|0|0|0|0/0|Q|0|0|0|0|0|0|0|0|0/0|0|0|0|0|0|Q|0|0|0|0/0|0|0|0|0|0|0|0|Q|0|0/0|0|Q|0|0|0|0|0|0|0|0/0|0|0|0|Q|0|0|0|0|0|0/0|0|0|0|0|0|0|Q|0|0|0
1741,q2,1,"[[0, 7]]",11,11,0|0|0|0|0|0|0|Q|0|0|0/0|0|0|0|0|0|0|0|0|0|0/0|0|0|0|0|0|0|0|Q|0|0/0|Q|0|0|0|0|0|0|0|0|0/0|0|0|0|Q|0|0|0|0|0|0/Q|0|0|0|0|0|0|0|0|0|0/0|0|0|Q|0|0|0|0|0|0|0/0|0|0|0|0|0|Q|0|0|0|0/0|0|0|0|0|0|0|0|0|0|0/0|0|0|0|0|Q|0|0|0|0|0/0|0|Q|0|0|0|0|0|0|0|0
1798,q2,0,"[[0, 5]]",11,11,0|0|0|0|0|Q|0|0|0|0|0/Q|0|0|0|0|0|0|0|0|0|0/0|0|0|0|0|0|0|0|0|0|0/0|0|0|0|0|0|Q|0|0|0|0/0|0|0|0|Q|0|0|0|0|0|0/0|0|Q|0|0|0|0|0|0|0|0/0|0|0|0|0|0|0|0|Q|0|0/0|0|0|Q|0|0|0|0|0|0|0/0|0|0|0|0|0|0|0|0|0|0/0|0|0|0|0|0|0|Q|0|0|0/0|Q|0|0|0|0|0|0|0|0|0
1819,q2,1,"[[0, 6]]",11,11,0|0|0|0|0|0|Q|0|0|0|0/0|0|0|0|0|0|0|0|0|0|0/0|0|0|0|0|0|0|Q|0|0|0/0|0|Q|0|0|0|0|0|0|0|0/0|0|0|0|Q|0|0|0|0|0|0/0|0|0|0|0|0|0|0|0|0|0/0|Q|0|0|0|0|0|0|0|0|0/0|0|0|0|0|0|0|0|Q|0|0/0|0|0|0|0|Q|0|0|0|0|0/0|0|0|Q|0|0|0|0|0|0|0/Q|0|0|0|0|0|0|0|0|0|0
1833,q2,0,"[[0, 5]]",11,11,0|0|0|0|0|Q|0|0|0|0|0/0|0|Q|0|0|0|0|0|0|0|0/0|0|0|0|0|0|0|0|Q|0|0/0|0|0|0|0|0|0|0|0|0|0/0|0|0|Q|0|0|0|0|0|0|0/0|0|0|0|0|0|0|Q|0|0|0/Q|0|0|0|0|0|0|0|0|0|0/0|0|0|0|Q|0|0|0|0|0|0/0|Q|0|0|0|0|0|0|0|0|0/0|0|0|0|0|0|0|0|0|0|0/0|0|0|0|0|0|Q|0|0|0|0
1847,q2,0,"[[0, 1]]",11,11,0|Q|0|0|0|0|0|0|0|0|0/0|0|0|0|0|0|0|0|0|0|0/0|0|0|0|0|Q|0|0|0|0|0/0|0|0|0|0|0|0|Q|0|0|0/0|0|0|0|Q|0|0|0|0|0|0/Q|0|0|0|0|0|0|0|0|0|0/0|0|0|Q|0|0|0|0|0|0|0/0|0|0|0|0|0|0|0|0|0|0/0|0|0|0|0|0|Q|0|0|0|0/0|0|0|0|0|0|0|0|Q|0|0/0|0|Q|0|0|0|0|0|0|0|0
1852,q2,0,"[[0, 5]]",11,11,0|0|0|0|0|Q|0|0|0|0|0/0|0|0|0|0|0|0|0|0|0|0/0|0|0|0|0|0|Q|0|0|0|0/0|0|0|Q|0|0|0|0|0|0|0/Q|0|0|0|0|0|0|0|0|0|0/0|0|Q|0|0|0|0|0|0|0|0/0|0|0|0|0|0|0|Q|0|0|0/0|0|0|0|0|0|0|0|0|0|0/0|Q|0|0|0|0|0|0|0|0|0/0|0|0|0|0|0|0|0|Q|0|0/0|0|0|0|Q|0|0|0|0|0|0
1860,q2,0,"[[0, 2]]",11,11,0|0|Q|0|0|0|0|0|0|0|0/0|0|0|0|0|0|0|Q|0|0|0/0|0|0|0|0|0|0|0|0|0|0/0|0|0|0|Q|0|0|0|0|0|0/0|Q|0|0|0|0|0|0|0|0|0/0|0|0|0|0|Q|0|0|0|0|0/0|0|0|0|0|0|0|0|0|0|0/0|0|0|0|0|0|Q|0|0|0|0/0|0|0|Q|0|0|0|0|0|0|0/Q|0|0|0|0|0|0|0|0|0|0/0|0|0|0|0|0|0|0|Q|0|0
1884,q2,0,"[[0, 3]]",11,11,0|0|0|Q|0|0|0|0|0|0|0/Q|0|0|0|0|0|0|0|0|0|0/0|0|0|0|Q|0|0|0|0|0|0/0|0|0|0|0|0|0|Q|0|0|0/0|Q|0|0|0|0|0|0|0|0|0/0|0|0|0|0|0|0|0|0|0|0/0|0|0|0|0|0|Q|0|0|0|0/0|0|Q|0|0|0|0|0|0|0|0/0|0|0|0|0|0|0|0|0|0|0/0|0|0|0|0|Q|0|0|0|0|0/0|0|0|0|0|0|0|0|Q|0|0
1922,q2,1,"[[0, 6]]",11,11,0|0|0|0|0|0|Q|0|0|0|0/0|0|0|0|Q|0|0|0|0|0|0/0|0|Q|0|0|0|0|0|0|0|0/0|0|0|0|0|0|0|0|0|0|0/0|0|0|0|0|0|0|0|Q|0|0/0|0|0|Q|0|0|0|0|0|0|0/0|Q|0|0|0|0|0|0|0|0|0/0|0|0|0|0|0|0|0|0|0|0/0|0|0|0|0|0|0|Q|0|0|0/0|0|0|0|0|Q|0|0|0|0|0/Q|0|0|0|0|0|0|0|0|0|0
1927,q2,0,"[[0, 2]]",11,11,0|0|Q|0|0|0|0|0|0|0|0/0|0|0|0|0|0|0|0|0|0|0/0|0|0|0|0|0|Q|0|0|0|0/0|0|0|0|0|0|0|0|0|0|0/0|0|0|Q|0|0|0|0|0|0|0/0|0|0|0|0|Q|0|0|0|0|0/Q|0|0|0|0|0|0|0|0|0|0/0|0|0|0|0|0|0|0|Q|0|0/0|Q|0|0|0|0|0|0|0|0|0/0|0|0|0|Q|0|0|0|0|0|0/0|0|0|0|0|0|0|Q|0|0|0
1931,q2,1,"[[0, 6]]",11,11,0|0|0|0|0|0|Q|0|0|0|0/Q|0|0|0|0|0|0|0|0|0|0/0|0|0|0|0|Q|0|0|0|0|0/0|0|0|0|0|0|0|Q|0|0|0/0|0|0|0|0|0|0|0|0|0|0/0|0|0|Q|0|0|0|0|0|0|0/0|0|0|0|0|0|0|0|Q|0|0/0|0|Q|0|0|0|0|0|0|0|0/0|0|0|0|Q|0|0|0|0|0|0/0|0|0|0|0|0|0|0|0|0|0/0|Q|0|0|0|0|0|0|0|0|0
1981,q2,1,"[[0, 6]]",11,11,0|0|0|0|0|0|Q|0|0|0|0/0|0|0|0|0|0|0|0|Q|0|0/0|0|Q|0|0|0|0|0|0|0|0/Q|0|0|0|0|0|0|0|0|0|0/0|0|0|0|0|0|0|Q|0|0|0/0|0|0|0|0|0|0|0|0|0|0/0|0|0|0|Q|0|0|0|0|0|0/0|Q|0|0|0|0|0|0|0|0|0/0|0|0|0|0|0|0|0|0|0|0/0|0|0|0|0|Q|0|0|0|0|0/0|0|0|Q|0|0|0|0|0|0|0
1987,q2,0,"[[0, 3]]",11,11,0|0|0|Q|0|0|0|0|0|0|0/0|0|0|0|0|0|Q|0|0|0|0/0|0|Q|0|0|0|0|0|0|0|0/0|0|0|0|0|0|0|0|0|0|0/0|0|0|0|0|0|0|0|Q|0|0/Q|0|0|0|0|0|0|0|0|0|0/0|0|0|0|Q|0|0|0|0|0|0/0|0|0|0|0|0|0|0|0|0|0/0|Q|0|0|0|0|0|0|0|0|0/0|0|0|0|0|Q|0|0|0|0|0/0|0|0|0|0|0|0|Q|0|0|0
0029,q3,0,"[[4, 0], [7, 5]]",8,8,0|0|Q|0|0|0|0|0/0|0|0|0|Q|0|0|0/0|0|0|0|0|0|0|0/0|0|0|Q|0|0|0|0/Q|0|0|0|0|0|0|0/0|0|0|0|0|0|0|0/0|Q|0|0|0|0|0|0/0|0|0|0|0|Q|0|0
0056,q3,0,"[[3, 0], [6, 5]]",8,8,0|Q|0|0|0|0|0|0/0|0|0|0|Q|0|0|0/0|0|0|0|0|0|0|0/Q|0|0|0|0|0|0|0/0|0|Q|0|0|0|0|0/0|0|0|0|0|0|0|0/0|0|0|0|0|Q|0|0/0|0|0|Q|0|0|0|0
0065,q3,1,"[[6, 0], [3, 5]]",8,8,0|0|0|0|Q|0|0|0/0|Q|0|0|0|0|0|0/0|0|0|Q|0|0|0|0/0|0|0|0|0|Q|0|0/0|0|0|0|0|0|0|0/0|0|Q|0|0|0|0|0/Q|0|0|0|0|0|0|0/0|0|0|0|0|0|0|0
0069,q3,0,"[[1, 0], [4, 5]]",8,8,0|0|0|0|0|0|0|0/Q|0|0|0|0|0|0|0/0|0|Q|0|0|0|0|0/0|0|0|0|0|0|0|0/0|0|0|0|0|Q|0|0/0|0|0|Q|0|0|0|0/0|Q|0|0|0|0|0|0/0|0|0|0|Q|0|0|0
0070,q3,1,"[[5, 0], [1, 5]]",8,8,0|0|Q|0|0|0|0|0/0|0|0|0|0|Q|0|0/0|0|0|0|0|0|0|0/0|Q|0|0|0|0|0|0/0|0|0|Q|0|0|0|0/Q|0|0|0|0|0|0|0/0|0|0|0|0|0|0|0/0|0|0|0|Q|0|0|0
0099,q3,1,"[[6, 0], [1, 6]]",9,9,0|0|0|0|0|0|0|0|0/0|0|0|0|0|0|Q|0|0/0|0|0|Q|0|0|0|0|0/0|Q|0|0|0|0|0|0|0/0|0|0|0|0|0|0|0|0/0|0|0|0|0|Q|0|0|0/Q|0|0|0|0|0|0|0|0/0|0|Q|0|0|0|0|0|0/0|0|0|0|Q|0|0|0|0
0111,q3,0,"[[6, 0], [8, 6]]",9,9,0|0|0|0|0|Q|0|0|0/0|0|0|Q|0|0|0|0|0/0|Q|0|0|0|0|0|0|0/0|0|0|0|0|0|0|0|0/0|0|0|0|Q|0|0|0|0/0|0|0|0|0|0|0|0|0/Q|0|0|0|0|0|0|0|0/0|0|Q|0|0|0|0|0|0/0|0|0|0|0|0|Q|0|0
0124,q3,0,"[[3, 0], [7, 6]]",9,9,0|0|Q|0|0|0|0|0|0/0|0|0|0|0|0|0|0|0/0|0|0|0|0|Q|0|0|0/Q|0|0|0|0|0|0|0|0/0|0|0|0|0|0|0|0|0/0|Q|0|0|0|0|0|0|0/0|0|0|0|Q|0|0|0|0/0|0|0|0|0|0|Q|0|0/0|0|0|Q|0|0|0|0|0
0128,q3,0,"[[5, 0], [6, 6]]",9,9,0|0|0|0|0|0|0|0|0/0|0|0|Q|0|0|0|0|0/0|0|0|0|0|Q|0|0|0/0|0|0|0|0|0|0|0|0/0|0|Q|0|0|0|0|0|0/Q|0|0|0|0|0|0|0|0/0|0|0|0|0|0|Q|0|0/0|0|0|0|Q|0|0|0|0/0|Q|0|0|0|0|0|0|0
0210,q3,0,"[[4, 0], [5, 6]]",9,9,0|0|0|0|0|0|0|0|0/0|0|0|0|Q|0|0|0|0/0|Q|0|0|0|0|0|0|0/0|0|0|Q|0|0|0|0|0/Q|0|0|0|0|0|0|0|0/0|0|0|0|0|0|Q|0|0/0|0|0|0|0|0|0|0|0/0|0|Q|0|0|0|0|0|0/0|0|0|0|0|Q|0|0|0
0212,q3,0,"[[3, 0], [7, 6]]",9,9,0|0|Q|0|0|0|0|0|0/0|0|0|0|0|0|0|0|0/0|0|0|Q|0|0|0|0|0/Q|0|0|0|0|0|0|0|0/0|0|0|0|0|0|0|0|0/0|0|0|0|0|Q|0|0|0/0|Q|0|0|0|0|0|0|0/0|0|0|0|0|0|Q|0|0/0|0|0|0|Q|0|0|0|0
0247,q3,0,"[[1, 0], [5, 6]]",9,9,0|0|0|0|0|Q|0|0|0/Q|0|0|0|0|0|0|0|0/0|0|0|0|Q|0|0|0|0/0|Q|0|0|0|0|0|0|0/0|0|0|0|0|0|0|0|0/0|0|0|0|0|0|Q|0|0/0|0|0|Q|0|0|0|0|0/0|0|0|0|0|0|0|0|0/0|0|Q|0|0|0|0|0|0
0251,q3,0,"[[3, 0], [7, 6]]",9,9,0|0|0|0|0|Q|0|0|0/0|0|0|0|0|0|0|0|0/0|0|Q|0|0|0|0|0|0/Q|0|0|0|0|0|0|0|0/0|0|0|0|0|0|0|0|0/0|Q|0|0|0|0|0|0|0/0|0|0|0|Q|0|0|0|0/0|0|0|0|0|0|Q|0|0/0|0|0|Q|0|0|0|0|0
0254,q3,0,"[[0, 0], [1, 6]]",9,9,Q|0|0|0|0|0|0|0|0/0|0|0|0|0|0|Q|0|0/0|0|0|Q|0|0|0|0|0/0|0|0|0|0|0|0|0|0/0|0|Q|0|0|0|0|0|0/0|0|0|0|0|0|0|0|0/0|0|0|0|0|Q|0|0|0/0|Q|0|0|0|0|0|0|0/0|0|0|0|Q|0|0|0|0
0275,q3,0,"[[4, 0], [5, 6]]",9,9,0|0|0|Q|0|0|0|0|0/0|0|0|0|0|Q|0|0|0/0|0|0|0|0|0|0|0|0/0|0|Q|0|0|0|0|0|0/Q|0|0|0|0|0|0|0|0/0|0|0|0|0|0|Q|0|0/0|0|0|0|Q|0|0|0|0/0|Q|0|0|0|0|0|0|0/0|0|0|0|0|0|0|0|0
0281,q3,1,"[[7, 0], [5, 6]]",9,9,0|0|0|Q|0|0|0|0|0/0|Q|0|0|0|0|0|0|0/0|0|0|0|0|0|0|0|0/0|0|Q|0|0|0|0|0|0/0|0|0|0|0|0|0|0|0/0|0|0|0|0|0|Q|0|0/0|0|0|0|Q|0|0|0|0/Q|0|0|0|0|0|0|0|0/0|0|0|0|0|Q|0|0|0
0297,q3,0,"[[2, 0], [4, 6]]",9,9,0|0|0|Q|0|0|0|0|0/0|0|0|0|0|Q|0|0|0/Q|0|0|0|0|0|0|0|0/0|0|0|0|0|0|0|0|0/0|0|0|0|0|0|Q|0|0/0|0|Q|0|0|0|0|0|0/0|0|0|0|0|0|0|0|0/0|Q|0|0|0|0|0|0|0/0|0|0|0|Q|0|0|0|0
0324,q3,0,"[[5, 0], [7, 6]]",9,9,0|0|Q|0|0|0|0|0|0/0|0|0|0|0|Q|0|0|0/0|0|0|0|0|0|0|0|0/0|Q|0|0|0|0|0|0|0/0|0|0|0|0|0|0|0|0/Q|0|0|0|0|0|0|0|0/0|0|0|Q|0|0|0|0|0/0|0|0|0|0|0|Q|0|0/0|0|0|0|Q|0|0|0|0
0353,q3,1,"[[8, 0], [1, 6]]",9,9,0|0|0|0|Q|0|0|0|0/0|0|0|0|0|0|Q|0|0/0|0|0|0|0|0|0|0|0/0|0|0|Q|0|0|0|0|0/0|Q|0|0|0|0|0|0|0/0|0|0|0|0|0|0|0|0/0|0|0|0|0|Q|0|0|0/0|0|Q|0|0|0|0|0|0/Q|0|0|0|0|0|0|0|0
0361,q3,1,"[[5, 0], [1, 6]]",9,9,0|0|0|0|Q|0|0|0|0/0|0|0|0|0|0|Q|0|0/0|Q|0|0|0|0|0|0|0/0|0|0|0|0|Q|0|0|0/0|0|Q|0|0|0|0|0|0/Q|0|0|0|0|0|0|0|0/0|0|0|0|0|0|0|0|0/0|0|0|Q|0|0|0|0|0/0|0|0|0|0|0|0|0|0
0368,q3,0,"[[0, 0], [5, 6]]",9,9,Q|0|0|0|0|0|0|0|0/0|0|0|Q|0|0|0|0|0/0|0|0|0|0|0|0|0|0/0|0|Q|0|0|0|0|0|0/0|0|0|0|0|0|0|0|0/0|0|0|0|0|0|Q|0|0/0|0|0|0|Q|0|0|0|0/0|Q|0|0|0|0|0|0|0/0|0|0|0|0|Q|0|0|0
0374,q3,1,"[[7, 0], [5, 6]]",9,9,0|0|0|Q|0|0|0|0|0/0|0|0|0|0|Q|0|0|0/0|0|0|0|0|0|0|0|0/0|Q|0|0|0|0|0|0|0/0|0|0|0|Q|0|0|0|0/0|0|0|0|0|0|Q|0|0/0|0|0|0|0|0|0|0|0/Q|0|0|0|0|0|0|0|0/0|0|Q|0|0|0|0|0|0
0383,q3,1,"[[7, 0], [3, 6]]",9,9,0|0|0|0|0|Q|0|0|0/0|0|0|0|0|0|0|0|0/0|0|Q|0|0|0|0|0|0/0|0|0|0|0|0|Q|0|0/0|0|0|0|0|0|0|0|0/0|Q|0|0|0|0|0|0|0/0|0|0|0|Q|0|0|0|0/Q|0|0|0|0|0|0|0|0/0|0|0|Q|0|0|0|0|0
0450,q3,0,"[[1, 0], [9, 7]]",10,10,0|0|0|0|Q|0|0|0|0|0/Q|0|0|0|0|0|0|0|0|0/0|0|0|Q|0|0|0|0|0|0/0|0|0|0|0|0|0|0|0|0/0|0|0|0|0|0|Q|0|0|0/0|Q|0|0|0|0|0|0|0|0/0|0|0|0|0|0|0|0|0|0/0|0|Q|0|0|0|0|0|0|0/0|0|0|0|0|Q|0|0|0|0/0|0|0|0|0|0|0|Q|0|0
0478,q3,0,"[[4, 0], [5, 7]]",10,10,0|0|0|0|0|0|Q|0|0|0/0|0|0|0|0|0|0|0|0|0/0|0|0|0|0|Q|0|0|0|0/0|0|Q|0|0|0|0|0|0|0/Q|0|0|0|0|0|0|0|0|0/0|0|0|0|0|0|0|Q|0|0/0|0|0|0|Q|0|0|0|0|0/0|Q|0|0|0|0|0|0|0|0/0|0|0|Q|0|0|0|0|0|0/0|0|0|0|0|0|0|0|0|0
0507,q3,1,"[[5, 0], [2, 7]]",10,10,0|0|0|0|0|0|Q|0|0|0/0|0|Q|0|0|0|0|0|0|0/0|0|0|0|0|0|0|Q|0|0/0|Q|0|0|0|0|0|0|0|0/0|0|0|0|Q|0|0|0|0|0/Q|0|0|0|0|0|0|0|0|0/0|0|0|0|0|0|0|0|0|0/0|0|0|Q|0|0|0|0|0|0/0|0|0|0|0|Q|0|0|0|0/0|0|0|0|0|0|0|0|0|0
0572,q3,0,"[[0, 0], [4, 7]]",10,10,Q|0|0|0|0|0|0|0|0|0/0|0|0|Q|0|0|0|0|0|0/0|0|0|0|0|0|Q|0|0|0/0|0|0|0|0|0|0|0|0|0/0|0|0|0|0|0|0|Q|0|0/0|0|0|0|Q|0|0|0|0|0/0|Q|0|0|0|0|0|0|0|0/0|0|0|0|0|0|0|0|0|0/0|0|Q|0|0|0|0|0|0|0/0|0|0|0|0|Q|0|0|0|0
0584,q3,0,"[[0, 0], [3, 7]]",10,10,Q|0|0|0|0|0|0|0|0|0/0|0|Q|0|0|0|0|0|0|0/0|0|0|0|0|Q|0|0|0|0/0|0|0|0|0|0|0|Q|0|0/0|0|0|0|0|0|0|0|0|0/0|0|0|0|Q|0|0|0|0|0/0|0|0|0|0|0|0|0|0|0/0|Q|0|0|0|0|0|0|0|0/0|0|0|Q|0|0|0|0|0|0/0|0|0|0|0|0|Q|0|0|0
0585,q3,1,"[[9, 0], [7, 7]]",10,10,0|0|0|Q|0|0|0|0|0|0/0|0|0|0|0|0|0|0|0|0/0|0|0|0|Q|0|0|0|0|0/0|Q|0|0|0|0|0|0|0|0/0|0|0|0|0|0|0|0|0|0/0|0|0|0|0|0|Q|0|0|0/0|0|Q|0|0|0|0|0|0|0/0|0|0|0|0|0|0|Q|0|0/0|0|0|0|0|Q|0|0|0|0/Q|0|0|0|0|0|0|0|0|0
0628,q3,0,"[[2, 0], [8, 7]]",10,10,0|0|0|0|0|0|0|0|0|0/0|0|Q|0|0|0|0|0|0|0/Q|0|0|0|0|0|0|0|0|0/0|0|0|Q|0|0|0|0|0|0/0|0|0|0|0|0|Q|0|0|0/0|0|0|0|0|0|0|0|0|0/0|Q|0|0|0|0|0|0|0|0/0|0|0|0|Q|0|0|0|0|0/0|0|0|0|0|0|0|Q|0|0/0|0|0|0|0|Q|0|0|0|0
0651,q3,1,"[[6, 0], [5, 7]]",10,10,0|0|0|0|0|0|0|0|0|0/0|Q|0|0|0|0|0|0|0|0/0|0|0|0|0|0|0|0|0|0/0|0|Q|0|0|0|0|0|0|0/0|0|0|0|0|Q|0|0|0|0/0|0|0|0|0|0|0|Q|0|0/Q|0|0|0|0|0|0|0|0|0/0|0|0|Q|0|0|0|0|0|0/0|0|0|0|0|0|Q|0|0|0/0|0|0|0|Q|0|0|0|0|0
0674,q3,0,"[[5, 0], [9, 7]]",10,10,0|0|0|0|Q|0|0|0|0|0/0|Q|0|0|0|0|0|0|0|0/0|0|0|0|0|0|0|0|0|0/0|0|0|0|0|0|Q|0|0|0/0|0|0|Q|0|0|0|0|0|0/Q|0|0|0|0|0|0|0|0|0/0|0|Q|0|0|0|0|0|0|0/0|0|0|0|0|0|0|0|0|0/0|0|0|0|0|Q|0|0|0|0/0|0|0|0|0|0|0|Q|0|0
0678,q3,0,"[[3, 0], [8, 7]]",10,10,0|0|0|0|0|Q|0|0|0|0/0|0|0|Q|0|0|0|0|0|0/0|0|0|0|0|0|0|0|0|0/Q|0|0|0|0|0|0|0|0|0/0|0|Q|0|0|0|0|0|0|0/0|0|0|0|0|0|0|0|0|0/0|0|0|0|0|0|Q|0|0|0/0|Q|0|0|0|0|0|0|0|0/0|0|0|0|0|0|0|Q|0|0/0|0|0|0|Q|0|0|0|0|0
0746,q3,0,"[[7, 0], [9, 7]]",10,10,0|0|0|0|Q|0|0|0|0|0/0|0|Q|0|0|0|0|0|0|0/0|0|0|0|0|0|0|0|0|0/0|0|0|0|0|Q|0|0|0|0/0|0|0|0|0|0|0|0|0|0/0|Q|0|0|0|0|0|0|0|0/0|0|0|0|0|0|Q|0|0|0/Q|0|0|0|0|0|0|0|0|0/0|0|0|Q|0|0|0|0|0|0/0|0|0|0|0|0|0|Q|0|0
0755,q3,0,"[[2, 0], [8, 7]]",10,10,0|0|0|0|Q|0|0|0|0|0/0|0|Q|0|0|0|0|0|0|0/Q|0|0|0|0|0|0|0|0|0/0|0|0|0|0|0|0|0|0|0/0|0|0|0|0|0|Q|0|0|0/0|0|0|0|0|0|0|0|0|0/0|0|0|Q|0|0|0|0|0|0/0|Q|0|0|0|0|0|0|0|0/0|0|0|0|0|0|0|Q|0|0/0|0|0|0|0|Q|0|0|0|0
0787,q3,0,"[[6, 0], [9, 7]]",10,10,0|0|0|Q|0|0|0|0|0|0/0|0|0|0|0|0|Q|0|0|0/0|0|0|0|0|0|0|0|0|0/0|0|0|0|0|Q|0|0|0|0/0|Q|0|0|0|0|0|0|0|0/0|0|0|0|0|0|0|0|0|0/Q|0|0|0|0|0|0|0|0|0/0|0|Q|0|0|0|0|0|0|0/0|0|0|0|Q|0|0|0|0|0/0|0|0|0|0|0|0|Q|0|0
0792,q3,0,"[[3, 0], [8, 7]]",10,10,0|0|0|0|0|0|0|0|0|0/0|0|0|0|0|0|Q|0|0|0/0|0|Q|0|0|0|0|0|0|0/Q|0|0|0|0|0|0|0|0|0/0|0|0|0|0|Q|0|0|0|0/0|Q|0|0|0|0|0|0|0|0/0|0|0|0|Q|0|0|0|0|0/0|0|0|0|0|0|0|0|0|0/0|0|0|0|0|0|0|Q|0|0/0|0|0|Q|0|0|0|0|0|0
0824,q3,1,"[[4, 0], [1, 7]]",10,10,0|0|0|0|0|0|0|0|0|0/0|0|0|0|0|0|0|Q|0|0/0|0|0|0|Q|0|0|0|0|0/0|0|Q|0|0|0|0|0|0|0/Q|0|0|0|0|0|0|0|0|0/0|0|0|0|0|Q|0|0|0|0/0|Q|0|0|0|0|0|0|0|0/0|0|0|0|0|0|0|0|0|0/0|0|0|0|0|0|Q|0|0|0/0|0|0|Q|0|0|0|0|0|0
0857,q3,1,"[[9, 0], [4, 7]]",10,10,0|0|0|0|0|0|Q|0|0|0/0|0|0|Q|0|0|0|0|0|0/0|Q|0|0|0|0|0|0|0|0/0|0|0|0|Q|0|0|0|0|0/0|0|0|0|0|0|0|Q|0|0/0|0|0|0|0|0|0|0|0|0/0|0|Q|0|0|0|0|0|0|0/0|0|0|0|0|Q|0|0|0|0/0|0|0|0|0|0|0|0|0|0/Q|0|0|0|0|0|0|0|0|0
0889,q3,0,"[[1, 0], [2, 7]]",10,10,0|0|0|0|Q|0|0|0|0|0/Q|0|0|0|0|0|0|0|0|0/0|0|0|0|0|0|0|Q|0|0/0|0|0|0|0|Q|0|0|0|0/0|0|Q|0|0|0|0|0|0|0/0|0|0|0|0|0|0|0|0|0/0|Q|0|0|0|0|0|0|0|0/0|0|0|Q|0|0|0|0|0|0/0|0|0|0|0|0|0|0|0|0/0|0|0|0|0|0|Q|0|0|0
0905,q3,1,"[[6, 0], [4, 7]]",10,10,0|0|0|0|Q|0|0|0|0|0/0|0|0|0|0|0|Q|0|0|0/0|Q|0|0|0|0|0|0|0|0/0|0|0|0|0|0|0|0|0|0/0|0|0|0|0|0|0|Q|0|0/0|0|0|Q|0|0|0|0|0|0/Q|0|0|0|0|0|0|0|0|0/0|0|Q|0|0|0|0|0|0|0/0|0|0|0|0|0|0|0|0|0/0|0|0|0|0|Q|0|0|0|0
0907,q3,0,"[[0, 0], [1, 7]]",10,10,Q|0|0|0|0|0|0|0|0|0/0|0|0|0|0|0|0|Q|0|0/0|0|0|0|0|Q|0|0|0|0/0|0|Q|0|0|0|0|0|0|0/0|0|0|0|0|0|0|0|0|0/0|Q|0|0|0|0|0|0|0|0/0|0|0|0|Q|0|0|0|0|0/0|0|0|0|0|0|0|0|0|0/0|0|0|Q|0|0|0|0|0|0/0|0|0|0|0|0|Q|0|0|0
0909,q3,0,"[[6, 0], [9, 7]]",10,10,0|0|0|Q|0|0|0|0|0|0/0|0|0|0|0|0|Q|0|0|0/0|0|Q|0|0|0|0|0|0|0/0|0|0|0|0|Q|0|0|0|0/0|Q|0|0|0|0|0|0|0|0/0|0|0|0|0|0|0|0|0|0/Q|0|0|0|0|0|0|0|0|0/0|0|0|0|0|0|0|0|0|0/0|0|0|0|Q|0|0|0|0|0/0|0|0|0|0|0|0|Q|0|0
0938,q3,1,"[[7, 0], [2, 7]]",10,10,0|Q|0|0|0|0|0|0|0|0/0|0|0|0|0|Q|0|0|0|0/0|0|0|0|0|0|0|Q|0|0/0|0|Q|0|0|0|0|0|0|0/0|0|0|0|0|0|Q|0|0|0/0|0|0|Q|0|0|0|0|0|0/0|0|0|0|0|0|0|0|0|0/Q|0|0|0|0|0|0|0|0|0/0|0|0|0|0|0|0|0|0|0/0|0|0|0|Q|0|0|0|0|0
0944,q3,1,"[[6, 0], [3, 7]]",10,10,0|0|0|0|0|Q|0|0|0|0/0|0|0|Q|0|0|0|0|0|0/0|Q|0|0|0|0|0|0|0|0/0|0|0|0|0|0|0|Q|0|0/0|0|0|0|Q|0|0|0|0|0/0|0|0|0|0|0|0|0|0|0/Q|0|0|0|0|0|0|0|0|0/0|0|Q|0|0|0|0|0|0|0/0|0|0|0|0|0|0|0|0|0/0|0|0|0|0|0|Q|0|0|0
0964,q3,1,"[[8, 0], [4, 7]]",10,10,0|0|0|0|0|Q|0|0|0|0/0|0|0|0|0|0|0|0|0|0/0|0|Q|0|0|0|0|0|0|0/0|0|0|0|Q|0|0|0|0|0/0|0|0|0|0|0|0|Q|0|0/0|Q|0|0|0|0|0|0|0|0/0|0|0|0|0|0|0|0|0|0/0|0|0|0|0|0|Q|0|0|0/Q|0|0|0|0|0|0|0|0|0/0|0|0|Q|0|0|0|0|0|0
0987,q3,1,"[[5, 0], [2, 7]]",10,10,0|0|0|Q|0|0|0|0|0|0/0|Q|0|0|0|0|0|0|0|0/0|0|0|0|0|0|0|Q|0|0/0|0|0|0|0|Q|0|0|0|0/0|0|0|0|0|0|0|0|0|0/Q|0|0|0|0|0|0|0|0|0/0|0|0|0|Q|0|0|0|0|0/0|0|0|0|0|0|Q|0|0|0/0|0|0|0|0|0|0|0|0|0/0|0|Q|0|0|0|0|0|0|0
1054,q3,0,"[[2, 0], [3, 7]]",10,10,0|0|0|0|0|0|Q|0|0|0/0|0|0|0|Q|0|0|0|0|0/Q|0|0|0|0|0|0|0|0|0/0|0|0|0|0|0|0|Q|0|0/0|0|0|0|0|Q|0|0|0|0/0|0|Q|0|0|0|0|0|0|0/0|0|0|0|0|0|0|0|0|0/0|Q|0|0|0|0|0|0|0|0/0|0|0|Q|0|0|0|0|0|0/0|0|0|0|0|0|0|0|0|0
1078,q3,0,"[[6, 0], [7, 7]]",10,10,0|0|0|0|Q|0|0|0|0|0/0|0|Q|0|0|0|0|0|0|0/0|0|0|0|0|0|0|0|0|0/0|0|0|0|0|Q|0|0|0|0/0|0|0|Q|0|0|0|0|0|0/0|0|0|0|0|0|0|0|0|0/Q|0|0|0|0|0|0|0|0|0/0|0|0|0|0|0|0|Q|0|0/0|Q|0|0|0|0|0|0|0|0/0|0|0|0|0|0|Q|0|0|0
1080,q3,0,"[[4, 0], [7, 7]]",10,10,0|0|0|0|0|0|Q|0|0|0/0|0|0|0|0|0|0|0|0|0/0|Q|0|0|0|0|0|0|0|0/0|0|0|0|Q|0|0|0|0|0/Q|0|0|0|0|0|0|0|0|0/0|0|0|Q|0|0|0|0|0|0/0|0|0|0|0|0|0|0|0|0/0|0|0|0|0|0|0|Q|0|0/0|0|0|0|0|Q|0|0|0|0/0|0|Q|0|0|0|0|0|0|0
1083,q3,1,"[[3, 0], [2, 7]]",10,10,0|0|0|0|0|0|0|0|0|0/0|Q|0|0|0|0|0|0|0|0/0|0|0|0|0|0|0|Q|0|0/Q|0|0|0|0|0|0|0|0|0/0|0|0|Q|0|0|0|0|0|0/0|0|0|0|0|0|Q|0|0|0/0|0|0|0|0|0|0|0|0|0/0|0|0|0|0|Q|0|0|0|0/0|0|Q|0|0|0|0|0|0|0/0|0|0|0|Q|0|0|0|0|0
1089,q3,1,"[[3, 0], [2, 7]]",10,10,0|0|0|0|0|0|Q|0|0|0/0|Q|0|0|0|0|0|0|0|0/0|0|0|0|0|0|0|Q|0|0/Q|0|0|0|0|0|0|0|0|0/0|0|0|0|0|0|0|0|0|0/0|0|0|Q|0|0|0|0|0|0/0|0|0|0|0|Q|0|0|0|0/0|0|0|0|0|0|0|0|0|0/0|0|Q|0|0|0|0|0|0|0/0|0|0|0|Q|0|0|0|0|0
1118,q3,0,"[[4, 0], [6, 7]]",10,10,0|0|0|0|0|0|0|0|0|0/0|0|0|0|0|0|Q|0|0|0/0|0|0|0|Q|0|0|0|0|0/0|0|Q|0|0|0|0|0|0|0/Q|0|0|0|0|0|0|0|0|0/0|0|0|0|0|0|0|0|0|0/0|0|0|0|0|0|0|Q|0|0/0|0|0|0|0|Q|0|0|0|0/0|0|0|Q|0|0|0|0|0|0/0|Q|0|0|0|0|0|0|0|0
1179,q3,1,"[[5, 0], [1, 8]]",11,11,0|0|Q|0|0|0|0|0|0|0|0/0|0|0|0|0|0|0|0|Q|0|0/0|0|0|0|0|Q|0|0|0|0|0/0|0|0|Q|0|0|0|0|0|0|0/0|0|0|0|0|0|0|0|0|0|0/Q|0|0|0|0|0|0|0|0|0|0/0|0|0|0|0|0|0|Q|0|0|0/0|Q|0|0|0|0|0|0|0|0|0/0|0|0|0|Q|0|0|0|0|0|0/0|0|0|0|0|0|Q|0|0|0|0/0|0|0|0|0|0|0|0|0|0|0
1182,q3,1,"[[10, 0], [9, 8]]",11,11,0|Q|0|0|0|0|0|0|0|0|0/0|0|0|0|0|0|Q|0|0|0|0/0|0|0|0|Q|0|0|0|0|0|0/0|0|0|0|0|0|0|0|0|0|0/0|0|0|0|0|0|0|Q|0|0|0/0|0|0|Q|0|0|0|0|0|0|0/0|0|0|0|0|0|0|0|0|0|0/0|0|Q|0|0|0|0|0|0|0|0/0|0|0|0|0|Q|0|0|0|0|0/0|0|0|0|0|0|0|0|Q|0|0/Q|0|0|0|0|0|0|0|0|0|0
1233,q3,0,"[[6, 0], [7, 8]]",11,11,0|0|0|0|0|Q|0|0|0|0|0/0|0|0|0|0|0|0|Q|0|0|0/0|0|Q|0|0|0|0|0|0|0|0/0|0|0|0|0|0|Q|0|0|0|0/0|0|0|Q|0|0|0|0|0|0|0/0|0|0|0|0|0|0|0|0|0|0/Q|0|0|0|0|0|0|0|0|0|0/0|0|0|0|0|0|0|0|Q|0|0/0|0|0|0|0|0|0|0|0|0|0/0|0|0|0|Q|0|0|0|0|0|0/0|Q|0|0|0|0|0|0|0|0|0
1244,q3,0,"[[1, 0], [8, 8]]",11,11,0|0|0|0|0|0|0|Q|0|0|0/Q|0|0|0|0|0|0|0|0|0|0/0|0|0|0|Q|0|0|0|0|0|0/0|Q|0|0|0|0|0|0|0|0|0/0|0|0|0|0|Q|0|0|0|0|0/0|0|0|0|0|0|0|0|0|0|0/0|0|Q|0|0|0|0|0|0|0|0/0|0|0|0|0|0|0|0|0|0|0/0|0|0|0|0|0|0|0|Q|0|0/0|0|0|0|0|0|Q|0|0|0|0/0|0|0|Q|0|0|0|0|0|0|0
1273,q3,0,"[[0, 0], [6, 8]]",11,11,Q|0|0|0|0|0|0|0|0|0|0/0|0|0|0|0|0|0|0|0|0|0/0|0|0|0|0|Q|0|0|0|0|0/0|0|0|0|0|0|0|Q|0|0|0/0|0|Q|0|0|0|0|0|0|0|0/0|0|0|0|Q|0|0|0|0|0|0/0|0|0|0|0|0|0|0|Q|0|0/0|Q|0|0|0|0|0|0|0|0|0/0|0|0|0|0|0|0|0|0|0|0/0|0|0|0|0|0|Q|0|0|0|0/0|0|0|Q|0|0|0|0|0|0|0
1289,q3,1,"[[10, 0], [3, 8]]",11,11,0|0|Q|0|0|0|0|0|0|0|0/0|0|0|0|Q|0|0|0|0|0|0/0|0|0|0|0|0|Q|0|0|0|0/0|0|0|0|0|0|0|0|Q|0|0/0|0|0|0|0|0|0|0|0|0|0/0|Q|0|0|0|0|0|0|0|0|0/0|0|0|Q|0|0|0|0|0|0|0/0|0|0|0|0|Q|0|0|0|0|0/0|0|0|0|0|0|0|Q|0|0|0/0|0|0|0|0|0|0|0|0|0|0/Q|0|0|0|0|0|0|0|0|0|0
1290,q3,1,"[[7, 0], [4, 8]]",11,11,0|0|0|0|0|0|Q|0|0|0|0/0|0|0|Q|0|0|0|0|0|0|0/0|Q|0|0|0|0|0|0|0|0|0/0|0|0|0|0|0|0|0|0|0|0/0|0|0|0|0|0|0|0|Q|0|0/0|0|0|0|0|Q|0|0|0|0|0/0|0|Q|0|0|0|0|0|0|0|0/Q|0|0|0|0|0|0|0|0|0|0/0|0|0|0|0|0|0|0|0|0|0/0|0|0|0|0|0|0|Q|0|0|0/0|0|0|0|Q|0|0|0|0|0|0
1292,q3,1,"[[10, 0], [3, 8]]",11,11,0|0|0|0|0|0|Q|0|0|0|0/0|0|0|0|Q|0|0|0|0|0|0/0|0|Q|0|0|0|0|0|0|0|0/0|0|0|0|0|0|0|0|Q|0|0/0|0|0|Q|0|0|0|0|0|0|0/0|0|0|0|0|0|0|Q|0|0|0/0|0|0|0|0|0|0|0|0|0|0/0|Q|0|0|0|0|0|0|0|0|0/0|0|0|0|0|0|0|0|0|0|0/0|0|0|0|0|Q|0|0|0|0|0/Q|0|0|0|0|0|0|0|0|0|0
1323,q3,1,"[[7, 0], [0, 8]]",11,11,0|0|0|0|0|0|0|0|Q|0|0/0|0|0|0|Q|0|0|0|0|0|0/0|Q|0|0|0|0|0|0|0|0|0/0|0|0|0|0|0|0|Q|0|0|0/0|0|0|0|0|0|0|0|0|0|0/0|0|0|0|0|0|Q|0|0|0|0/0|0|0|Q|0|0|0|0|0|0|0/Q|0|0|0|0|0|0|0|0|0|0/0|0|0|0|0|0|0|0|0|0|0/0|0|0|0|0|Q|0|0|0|0|0/0|0|Q|0|0|0|0|0|0|0|0
1333,q3,1,"[[9, 0], [4, 8]]",11,11,0|0|0|0|0|Q|0|0|0|0|0/0|0|0|0|0|0|0|0|0|0|0/0|0|0|0|Q|0|0|0|0|0|0/0|Q|0|0|0|0|0|0|0|0|0/0|0|0|0|0|0|0|0|Q|0|0/0|0|Q|0|0|0|0|0|0|0|0/0|0|0|0|0|0|0|Q|0|0|0/0|0|0|0|0|0|0|0|0|0|0/0|0|0|Q|0|0|0|0|0|0|0/Q|0|0|0|0|0|0|0|0|0|0/0|0|0|0|0|0|Q|0|0|0|0
1395,q3,0,"[[5, 0], [8, 8]]",11,11,0|0|0|Q|0|0|0|0|0|0|0/0|0|0|0|0|0|0|0|0|0|0/0|0|0|0|Q|0|0|0|0|0|0/0|0|0|0|0|0|0|0|0|0|0/0|0|0|0|0|Q|0|0|0|0|0/Q|0|0|0|0|0|0|0|0|0|0/0|0|Q|0|0|0|0|0|0|0|0/0|0|0|0|0|0|Q|0|0|0|0/0|0|0|0|0|0|0|0|Q|0|0/0|Q|0|0|0|0|0|0|0|0|0/0|0|0|0|0|0|0|Q|0|0|0
1450,q3,0,"[[5, 0], [10, 8]]",11,11,0|0|Q|0|0|0|0|0|0|0|0/0|0|0|0|0|0|0|0|0|0|0/0|0|0|0|0|Q|0|0|0|0|0/0|0|0|0|0|0|0|0|0|0|0/0|0|0|0|Q|0|0|0|0|0|0/Q|0|0|0|0|0|0|0|0|0|0/0|0|0|0|0|0|0|Q|0|0|0/0|0|0|Q|0|0|0|0|0|0|0/0|Q|0|0|0|0|0|0|0|0|0/0|0|0|0|0|0|Q|0|0|0|0/0|0|0|0|0|0|0|0|Q|0|0
1453,q3,0,"[[5, 0], [6, 8]]",11,11,0|0|0|0|0|0|0|0|0|0|0/0|0|0|0|0|0|0|Q|0|0|0/0|Q|0|0|0|0|0|0|0|0|0/0|0|0|0|Q|0|0|0|0|0|0/0|0|Q|0|0|0|0|0|0|0|0/Q|0|0|0|0|0|0|0|0|0|0/0|0|0|0|0|0|0|0|Q|0|0/0|0|0|0|0|0|0|0|0|0|0/0|0|0|0|0|Q|0|0|0|0|0/0|0|0|Q|0|0|0|0|0|0|0/0|0|0|0|0|0|Q|0|0|0|0
1473,q3,1,"[[9, 0], [8, 8]]",11,11,0|0|0|0|0|0|Q|0|0|0|0/0|0|0|Q|0|0|0|0|0|0|0/0|0|0|0|0|0|0|0|0|0|0/0|0|Q|0|0|0|0|0|0|0|0/0|0|0|0|0|0|0|Q|0|0|0/0|0|0|0|0|0|0|0|0|0|0/0|0|0|0|Q|0|0|0|0|0|0/0|Q|0|0|0|0|0|0|0|0|0/0|0|0|0|0|0|0|0|Q|0|0/Q|0|0|0|0|0|0|0|0|0|0/0|0|0|0|0|Q|0|0|0|0|0
1474,q3,1,"[[7, 0], [4, 8]]",11,11,0|0|0|0|0|Q|0|0|0|0|0/0|0|0|0|0|0|0|0|0|0|0/0|Q|0|0|0|0|0|0|0|0|0/0|0|0|Q|0|0|0|0|0|0|0/0|0|0|0|0|0|0|0|Q|0|0/0|0|0|0|0|0|Q|0|0|0|0/0|0|Q|0|0|0|0|0|0|0|0/Q|0|0|0|0|0|0|0|0|0|0/0|0|0|0|0|0|0|0|0|0|0/0|0|0|0|0|0|0|Q|0|0|0/0|0|0|0|Q|0|0|0|0|0|0
1483,q3,1,"[[6, 0], [0, 8]]",11,11,0|0|0|0|0|0|0|0|Q|0|0/0|0|0|Q|0|0|0|0|0|0|0/0|Q|0|0|0|0|0|0|0|0|0/0|0|0|0|0|0|0|Q|0|0|0/0|0|0|0|0|0|0|0|0|0|0/0|0|Q|0|0|0|0|0|0|0|0/Q|0|0|0|0|0|0|0|0|0|0/0|0|0|0|0|Q|0|0|0|0|0/0|0|0|0|0|0|0|0|0|0|0/0|0|0|0|Q|0|0|0|0|0|0/0|0|0|0|0|0|Q|0|0|0|0
1487,q3,1,"[[9, 0], [8, 8]]",11,11,0|0|0|0|0|Q|0|0|0|0|0/0|0|Q|0|0|0|0|0|0|0|0/0|0|0|0|0|0|Q|0|0|0|0/0|Q|0|0|0|0|0|0|0|0|0/0|0|0|0|0|0|0|0|0|0|0/0|0|0|0|0|0|0|Q|0|0|0/0|0|0|0|0|0|0|0|0|0|0/0|0|0|0|Q|0|0|0|0|0|0/0|0|0|0|0|0|0|0|Q|0|0/Q|0|0|0|0|0|0|0|0|0|0/0|0|0|Q|0|0|0|0|0|0|0
1502,q3,0,"[[8, 0], [9, 8]]",11,11,0|0|0|0|0|0|Q|0|0|0|0/0|0|0|0|Q|0|0|0|0|0|0/0|0|0|0|0|0|0|0|0|0|0/0|Q|0|0|0|0|0|0|0|0|0/0|0|0|0|0|Q|0|0|0|0|0/0|0|Q|0|0|0|0|0|0|0|0/0|0|0|0|0|0|0|0|0|0|0/0|0|0|0|0|0|0|Q|0|0|0/Q|0|0|0|0|0|0|0|0|0|0/0|0|0|0|0|0|0|0|Q|0|0/0|0|0|Q|0|0|0|0|0|0|0
1512,q3,1,"[[7, 0], [5, 8]]",11,11,0|0|0|0|Q|0|0|0|0|0|0/0|0|0|0|0|0|0|0|0|0|0/0|0|0|0|0|0|0|Q|0|0|0/0|0|0|Q|0|0|0|0|0|0|0/0|Q|0|0|0|0|0|0|0|0|0/0|0|0|0|0|0|0|0|Q|0|0/0|0|0|0|0|Q|0|0|0|0|0/Q|0|0|0|0|0|0|0|0|0|0/0|0|0|0|0|0|Q|0|0|0|0/0|0|0|0|0|0|0|0|0|0|0/0|0|Q|0|0|0|0|0|0|0|0
1532,q3,1,"[[9, 0], [5, 8]]",11,11,0|0|0|0|0|0|0|Q|0|0|0/0|0|Q|0|0|0|0|0|0|0|0/0|0|0|0|Q|0|0|0|0|0|0/0|0|0|0|0|0|0|0|0|0|0/0|Q|0|0|0|0|0|0|0|0|0/0|0|0|0|0|0|0|0|Q|0|0/0|0|0|0|0|Q|0|0|0|0|0/0|0|0|Q|0|0|0|0|0|0|0/0|0|0|0|0|0|Q|0|0|0|0/Q|0|0|0|0|0|0|0|0|0|0/0|0|0|0|0|0|0|0|0|0|0
1555,q3,1,"[[8, 0], [7, 8]]",11,11,0|0|0|0|0|Q|0|0|0|0|0/0|0|0|0|0|0|0|0|0|0|0/0|0|Q|0|0|0|0|0|0|0|0/0|0|0|0|0|0|Q|0|0|0|0/0|0|0|Q|0|0|0|0|0|0|0/0|0|0|0|0|0|0|Q|0|0|0/0|0|0|0|0|0|0|0|0|0|0/0|0|0|0|0|0|0|0|Q|0|0/Q|0|0|0|0|0|0|0|0|0|0/0|0|0|0|Q|0|0|0|0|0|0/0|Q|0|0|0|0|0|0|0|0|0
1556,q3,0,"[[1, 0], [7, 8]]",11,11,0|0|0|0|0|Q|0|0|0|0|0/Q|0|0|0|0|0|0|0|0|0|0/0|0|0|0|0|0|0|0|0|0|0/0|Q|0|0|0|0|0|0|0|0|0/0|0|0|0|0|0|0|0|0|0|0/0|0|0|0|0|0|0|Q|0|0|0/0|0|0|Q|0|0|0|0|0|0|0/0|0|0|0|0|0|0|0|Q|0|0/0|0|Q|0|0|0|0|0|0|0|0/0|0|0|0|Q|0|0|0|0|0|0/0|0|0|0|0|0|Q|0|0|0|0
1568,q3,0,"[[7, 0], [9, 8]]",11,11,0|0|0|0|0|Q|0|0|0|0|0/0|Q|0|0|0|0|0|0|0|0|0/0|0|0|0|Q|0|0|0|0|0|0/0|0|0|0|0|0|0|0|0|0|0/0|0|0|0|0|0|0|Q|0|0|0/0|0|0|0|0|0|0|0|0|0|0/0|0|0|Q|0|0|0|0|0|0|0/Q|0|0|0|0|0|0|0|0|0|0/0|0|Q|0|0|0|0|0|0|0|0/0|0|0|0|0|0|0|0|Q|0|0/0|0|0|0|0|0|Q|0|0|0|0
1608,q3,1,"[[3, 0], [2, 8]]",11,11,0|0|0|0|0|Q|0|0|0|0|0/0|0|0|Q|0|0|0|0|0|0|0/0|0|0|0|0|0|0|0|Q|0|0/Q|0|0|0|0|0|0|0|0|0|0/0|0|Q|0|0|0|0|0|0|0|0/0|0|0|0|0|0|Q|0|0|0|0/0|Q|0|0|0|0|0|0|0|0|0/0|0|0|0|0|0|0|0|0|0|0/0|0|0|0|0|0|0|Q|0|0|0/0|0|0|0|0|0|0|0|0|0|0/0|0|0|0|Q|0|0|0|0|0|0
1609,q3,1,"[[3, 0], [0, 8]]",11,11,0|0|0|0|0|0|0|0|Q|0|0/0|0|0|0|0|Q|0|0|0|0|0/0|0|Q|0|0|0|0|0|0|0|0/Q|0|0|0|0|0|0|0|0|0|0/0|0|0|0|0|0|0|Q|0|0|0/0|0|0|0|Q|0|0|0|0|0|0/0|Q|0|0|0|0|0|0|0|0|0/0|0|0|0|0|0|0|0|0|0|0/0|0|0|0|0|0|Q|0|0|0|0/0|0|0|0|0|0|0|0|0|0|0/0|0|0|Q|0|0|0|0|0|0|0
1621,q3,1,"[[5, 0], [3, 8]]",11,11,0|0|Q|0|0|0|0|0|0|0|0/0|0|0|0|0|Q|0|0|0|0|0/0|Q|0|0|0|0|0|0|0|0|0/0|0|0|0|0|0|0|0|Q|0|0/0|0|0|0|Q|0|0|0|0|0|0/Q|0|0|0|0|0|0|0|0|0|0/0|0|0|0|0|0|0|0|0|0|0/0|0|0|Q|0|0|0|0|0|0|0/0|0|0|0|0|0|Q|0|0|0|0/0|0|0|0|0|0|0|0|0|0|0/0|0|0|0|0|0|0|Q|0|0|0
1623,q3,1,"[[8, 0], [6, 8]]",11,11,0|0|0|0|0|0|Q|0|0|0|0/0|0|0|0|0|0|0|0|0|0|0/0|Q|0|0|0|0|0|0|0|0|0/0|0|0|0|Q|0|0|0|0|0|0/0|0|0|0|0|0|0|0|0|0|0/0|0|0|0|0|Q|0|0|0|0|0/0|0|0|0|0|0|0|0|Q|0|0/0|0|Q|0|0|0|0|0|0|0|0/Q|0|0|0|0|0|0|0|0|0|0/0|0|0|Q|0|0|0|0|0|0|0/0|0|0|0|0|0|0|Q|0|0|0
1646,q3,1,"[[9, 0], [7, 8]]",11,11,0|0|0|0|0|0|Q|0|0|0|0/0|0|0|0|0|0|0|0|0|0|0/0|0|0|0|0|Q|0|0|0|0|0/0|0|0|0|0|0|0|0|0|0|0/0|Q|0|0|0|0|0|0|0|0|0/0|0|0|0|0|0|0|Q|0|0|0/0|0|Q|0|0|0|0|0|0|0|0/0|0|0|0|0|0|0|0|Q|0|0/0|0|0|Q|0|0|0|0|0|0|0/Q|0|0|0|0|0|0|0|0|0|0/0|0|0|0|Q|0|0|0|0|0|0
1647,q3,1,"[[4, 0], [1, 8]]",11,11,0|0|0|Q|0|0|0|0|0|0|0/0|0|0|0|0|0|0|0|Q|0|0/0|0|0|0|Q|0|0|0|0|0|0/0|0|0|0|0|0|0|0|0|0|0/Q|0|0|0|0|0|0|0|0|0|0/0|0|0|0|0|Q|0|0|0|0|0/0|0|0|0|0|0|0|0|0|0|0/0|Q|0|0|0|0|0|0|0|0|0/0|0|0|0|0|0|Q|0|0|0|0/0|0|Q|0|0|0|0|0|0|0|0/0|0|0|0|0|0|0|Q|0|0|0
1664,q3,1,"[[2, 0], [0, 8]]",11,11,0|0|0|0|0|0|0|0|Q|0|0/0|0|0|0|0|Q|0|0|0|0|0/Q|0|0|0|0|0|0|0|0|0|0/0|0|0|0|0|0|0|0|0|0|0/0|0|0|0|0|0|0|Q|0|0|0/0|0|0|0|Q|0|0|0|0|0|0/0|Q|0|0|0|0|0|0|0|0|0/0|0|0|Q|0|0|0|0|0|0|0/0|0|0|0|0|0|0|0|0|0|0/0|0|0|0|0|0|Q|0|0|0|0/0|0|Q|0|0|0|0|0|0|0|0
1691,q3,0,"[[0, 0], [1, 8]]",11,11,Q|0|0|0|0|0|0|0|0|0|0/0|0|0|0|0|0|0|0|Q|0|0/0|0|0|0|Q|0|0|0|0|0|0/0|Q|0|0|0|0|0|0|0|0|0/0|0|0|0|0|0|0|Q|0|0|0/0|0|Q|0|0|0|0|0|0|0|0/0|0|0|0|0|0|0|0|0|0|0/0|0|0|0|0|0|Q|0|0|0|0/0|0|0|0|0|0|0|0|0|0|0/0|0|0|Q|0|0|0|0|0|0|0/0|0|0|0|0|Q|0|0|0|0|0
1696,q3,1,"[[9, 0], [7, 8]]",11,11,0|0|0|Q|0|0|0|0|0|0|0/0|0|0|0|0|0|0|0|0|0|0/0|0|0|0|0|0|Q|0|0|0|0/0|0|Q|0|0|0|0|0|0|0|0/0|0|0|0|0|0|0|0|0|0|0/0|0|0|0|0|Q|0|0|0|0|0/0|Q|0|0|0|0|0|0|0|0|0/0|0|0|0|0|0|0|0|Q|0|0/0|0|0|0|Q|0|0|0|0|0|0/Q|0|0|0|0|0|0|0|0|0|0/0|0|0|0|0|0|0|Q|0|0|0
1729,q3,0,"[[7, 0], [8, 8]]",11,11,0|0|0|0|0|0|0|0|0|0|0/0|0|0|Q|0|0|0|0|0|0|0/0|0|0|0|0|0|Q|0|0|0|0/0|0|Q|0|0|0|0|0|0|0|0/0|0|0|0|0|Q|0|0|0|0|0/0|Q|0|0|0|0|0|0|0|0|0/0|0|0|0|0|0|0|0|0|0|0/Q|0|0|0|0|0|0|0|0|0|0/0|0|0|0|0|0|0|0|Q|0|0/0|0|0|0|Q|0|0|0|0|0|0/0|0|0|0|0|0|0|Q|0|0|0
1731,q3,0,"[[1, 0], [7, 8]]",11,11,0|0|0|Q|0|0|0|0|0|0|0/Q|0|0|0|0|0|0|0|0|0|0/0|0|0|0|0|0|0|0|0|0|0/0|0|0|0|0|Q|0|0|0|0|0/0|0|0|0|0|0|0|0|0|0|0/0|Q|0|0|0|0|0|0|0|0|0/0|0|0|0|0|0|Q|0|0|0|0/0|0|0|0|0|0|0|0|Q|0|0/0|0|Q|0|0|0|0|0|0|0|0/0|0|0|0|Q|0|0|0|0|0|0/0|0|0|0|0|0|0|Q|0|0|0
1741,q3,1,"[[5, 0], [2, 8]]",11,11,0|0|0|0|0|0|0|Q|0|0|0/0|0|0|0|0|0|0|0|0|0|0/0|0|0|0|0|0|0|0|Q|0|0/0|Q|0|0|0|0|0|0|0|0|0/0|0|0|0|Q|0|0|0|0|0|0/Q|0|0|0|0|0|0|0|0|0|0/0|0|0|Q|0|0|0|0|0|0|0/0|0|0|0|0|0|Q|0|0|0|0/0|0|0|0|0|0|0|0|0|0|0/0|0|0|0|0|Q|0|0|0|0|0/0|0|Q|0|0|0|0|0|0|0|0
1798,q3,0,"[[1, 0], [6, 8]]",11,11,0|0|0|0|0|Q|0|0|0|0|0/Q|0|0|0|0|0|0|0|0|0|0/0|0|0|0|0|0|0|0|0|0|0/0|0|0|0|0|0|Q|0|0|0|0/0|0|0|0|Q|0|0|0|0|0|0/0|0|Q|0|0|0|0|0|0|0|0/0|0|0|0|0|0|0|0|Q|0|0/0|0|0|Q|0|0|0|0|0|0|0/0|0|0|0|0|0|0|0|0|0|0/0|0|0|0|0|0|0|Q|0|0|0/0|Q|0|0|0|0|0|0|0|0|0
1819,q3,1,"[[10, 0], [7, 8]]",11,11,0|0|0|0|0|0|Q|0|0|0|0/0|0|0|0|0|0|0|0|0|0|0/0|0|0|0|0|0|0|Q|0|0|0/0|0|Q|0|0|0|0|0|0|0|0/0|0|0|0|Q|0|0|0|0|0|0/0|0|0|0|0|0|0|0|0|0|0/0|Q|0|0|0|0|0|0|0|0|0/0|0|0|0|0|0|0|0|Q|0|0/0|0|0|0|0|Q|0|0|0|0|0/0|0|0|Q|0|0|0|0|0|0|0/Q|0|0|0|0|0|0|0|0|0|0
1833,q3,1,"[[6, 0], [2, 8]]",11,11,0|0|0|0|0|Q|0|0|0|0|0/0|0|Q|0|0|0|0|0|0|0|0/0|0|0|0|0|0|0|0|Q|0|0/0|0|0|0|0|0|0|0|0|0|0/0|0|0|Q|0|0|0|0|0|0|0/0|0|0|0|0|0|0|Q|0|0|0/Q|0|0|0|0|0|0|0|0|0|0/0|0|0|0|Q|0|0|0|0|0|0/0|Q|0|0|0|0|0|0|0|0|0/0|0|0|0|0|0|0|0|0|0|0/0|0|0|0|0|0|Q|0|0|0|0
1847,q3,0,"[[5, 0], [9, 8]]",11,11,0|Q|0|0|0|0|0|0|0|0|0/0|0|0|0|0|0|0|0|0|0|0/0|0|0|0|0|Q|0|0|0|0|0/0|0|0|0|0|0|0|Q|0|0|0/0|0|0|0|Q|0|0|0|0|0|0/Q|0|0|0|0|0|0|0|0|0|0/0|0|0|Q|0|0|0|0|0|0|0/0|0|0|0|0|0|0|0|0|0|0/0|0|0|0|0|0|Q|0|0|0|0/0|0|0|0|0|0|0|0|Q|0|0/0|0|Q|0|0|0|0|0|0|0|0
1852,q3,0,"[[4, 0], [9, 8]]",11,11,0|0|0|0|0|Q|0|0|0|0|0/0|0|0|0|0|0|0|0|0|0|0/0|0|0|0|0|0|Q|0|0|0|0/0|0|0|Q|0|0|0|0|0|0|0/Q|0|0|0|0|0|0|0|0|0|0/0|0|Q|0|0|0|0|0|0|0|0/0|0|0|0|0|0|0|Q|0|0|0/0|0|0|0|0|0|0|0|0|0|0/0|Q|0|0|0|0|0|0|0|0|0/0|0|0|0|0|0|0|0|Q|0|0/0|0|0|0|Q|0|0|0|0|0|0
1860,q3,0,"[[9, 0], [10, 8]]",11,11,0|0|Q|0|0|0|0|0|0|0|0/0|0|0|0|0|0|0|Q|0|0|0/0|0|0|0|0|0|0|0|0|0|0/0|0|0|0|Q|0|0|0|0|0|0/0|Q|0|0|0|0|0|0|0|0|0/0|0|0|0|0|Q|0|0|0|0|0/0|0|0|0|0|0|0|0|0|0|0/0|0|0|0|0|0|Q|0|0|0|0/0|0|0|Q|0|0|0|0|0|0|0/Q|0|0|0|0|0|0|0|0|0|0/0|0|0|0|0|0|0|0|Q|0|0
1884,q3,0,"[[1, 0], [10, 8]]",11,11,0|0|0|Q|0|0|0|0|0|0|0/Q|0|0|0|0|0|0|0|0|0|0/0|0|0|0|Q|0|0|0|0|0|0/0|0|0|0|0|0|0|Q|0|0|0/0|Q|0|0|0|0|0|0|0|0|0/0|0|0|0|0|0|0|0|0|0|0/0|0|0|0|0|0|Q|0|0|0|0/0|0|Q|0|0|0|0|0|0|0|0/0|0|0|0|0|0|0|0|0|0|0/0|0|0|0|0|Q|0|0|0|0|0/0|0|0|0|0|0|0|0|Q|0|0
1922,q3,1,"[[10, 0], [4, 8]]",11,11,0|0|0|0|0|0|Q|0|0|0|0/0|0|0|0|Q|0|0|0|0|0|0/0|0|Q|0|0|0|0|0|0|0|0/0|0|0|0|0|0|0|0|0|0|0/0|0|0|0|0|0|0|0|Q|0|0/0|0|0|Q|0|0|0|0|0|0|0/0|Q|0|0|0|0|0|0|0|0|0/0|0|0|0|0|0|0|0|0|0|0/0|0|0|0|0|0|0|Q|0|0|0/0|0|0|0|0|Q|0|0|0|0|0/Q|0|0|0|0|0|0|0|0|0|0
1927,q3,0,"[[6, 0], [7, 8]]",11,11,0|0|Q|0|0|0|0|0|0|0|0/0|0|0|0|0|0|0|0|0|0|0/0|0|0|0|0|0|Q|0|0|0|0/0|0|0|0|0|0|0|0|0|0|0/0|0|0|Q|0|0|0|0|0|0|0/0|0|0|0|0|Q|0|0|0|0|0/Q|0|0|0|0|0|0|0|0|0|0/0|0|0|0|0|0|0|0|Q|0|0/0|Q|0|0|0|0|0|0|0|0|0/0|0|0|0|Q|0|0|0|0|0|0/0|0|0|0|0|0|0|Q|0|0|0
1931,q3,0,"[[1, 0], [6, 8]]",11,11,0|0|0|0|0|0|Q|0|0|0|0/Q|0|0|0|0|0|0|0|0|0|0/0|0|0|0|0|Q|0|0|0|0|0/0|0|0|0|0|0|0|Q|0|0|0/0|0|0|0|0|0|0|0|0|0|0/0|0|0|Q|0|0|0|0|0|0|0/0|0|0|0|0|0|0|0|Q|0|0/0|0|Q|0|0|0|0|0|0|0|0/0|0|0|0|Q|0|0|0|0|0|0/0|0|0|0|0|0|0|0|0|0|0/0|Q|0|0|0|0|0|0|0|0|0
1981,q3,1,"[[3, 0], [1, 8]]",11,11,0|0|0|0|0|0|Q|0|0|0|0/0|0|0|0|0|0|0|0|Q|0|0/0|0|Q|0|0|0|0|0|0|0|0/Q|0|0|0|0|0|0|0|0|0|0/0|0|0|0|0|0|0|Q|0|0|0/0|0|0|0|0|0|0|0|0|0|0/0|0|0|0|Q|0|0|0|0|0|0/0|Q|0|0|0|0|0|0|0|0|0/0|0|0|0|0|0|0|0|0|0|0/0|0|0|0|0|Q|0|0|0|0|0/0|0|0|Q|0|0|0|0|0|0|0
1987,q3,1,"[[5, 0], [4, 8]]",11,11,0|0|0|Q|0|0|0|0|0|0|0/0|0|0|0|0|0|Q|0|0|0|0/0|0|Q|0|0|0|0|0|0|0|0/0|0|0|0|0|0|0|0|0|0|0/0|0|0|0|0|0|0|0|Q|0|0/Q|0|0|0|0|0|0|0|0|0|0/0|0|0|0|Q|0|0|0|0|0|0/0|0|0|0|0|0|0|0|0|0|0/0|Q|0|0|0|0|0|0|0|0|0/0|0|0|0|0|Q|0|0|0|0|0/0|0|0|0|0|0|0|Q|0|0|0
0029,q4,1,"[[4, 0]]",8,8,0|0|Q|0|0|0|0|0/0|0|0|0|Q|0|0|0/0|0|0|0|0|0|0|0/0|0|0|Q|0|0|0|0/Q|0|0|0|0|0|0|0/0|0|0|0|0|0|0|0/0|Q|0|0|0|0|0|0/0|0|0|0|0|Q|0|0
0056,q4,1,"[[3, 0]]",8,8,0|Q|0|0|0|0|0|0/0|0|0|0|Q|0|0|0/0|0|0|0|0|0|0|0/Q|0|0|0|0|0|0|0/0|0|Q|0|0|0|0|0/0|0|0|0|0|0|0|0/0|0|0|0|0|Q|0|0/0|0|0|Q|0|0|0|0
0065,q4,2,"[[6, 0]]",8,8,0|0|0|0|Q|0|0|0/0|Q|0|0|0|0|0|0/0|0|0|Q|0|0|0|0/0|0|0|0|0|Q|0|0/0|0|0|0|0|0|0|0/0|0|Q|0|0|0|0|0/Q|0|0|0|0|0|0|0/0|0|0|0|0|0|0|0
0069,q4,0,"[[1, 0]]",8,8,0|0|0|0|0|0|0|0/Q|0|0|0|0|0|0|0/0|0|Q|0|0|0|0|0/0|0|0|0|0|0|0|0/0|0|0|0|0|Q|0|0/0|0|0|Q|0|0|0|0/0|Q|0|0|0|0|0|0/0|0|0|0|Q|0|0|0
0070,q4,1,"[[5, 0]]",8,8,0|0|Q|0|0|0|0|0/0|0|0|0|0|Q|0|0/0|0|0|0|0|0|0|0/0|Q|0|0|0|0|0|0/0|0|0|Q|0|0|0|0/Q|0|0|0|0|0|0|0/0|0|0|0|0|0|0|0/0|0|0|0|Q|0|0|0
0099,q4,2,"[[6, 0]]",9,9,0|0|0|0|0|0|0|0|0/0|0|0|0|0|0|Q|0|0/0|0|0|Q|0|0|0|0|0/0|Q|0|0|0|0|0|0|0/0|0|0|0|0|0|0|0|0/0|0|0|0|0|Q|0|0|0/Q|0|0|0|0|0|0|0|0/0|0|Q|0|0|0|0|0|0/0|0|0|0|Q|0|0|0|0
0111,q4,2,"[[6, 0]]",9,9,0|0|0|0|0|Q|0|0|0/0|0|0|Q|0|0|0|0|0/0|Q|0|0|0|0|0|0|0/0|0|0|0|0|0|0|0|0/0|0|0|0|Q|0|0|0|0/0|0|0|0|0|0|0|0|0/Q|0|0|0|0|0|0|0|0/0|0|Q|0|0|0|0|0|0/0|0|0|0|0|0|Q|0|0
0124,q4,1,"[[3, 0]]",9,9,0|0|Q|0|0|0|0|0|0/0|0|0|0|0|0|0|0|0/0|0|0|0|0|Q|0|0|0/Q|0|0|0|0|0|0|0|0/0|0|0|0|0|0|0|0|0/0|Q|0|0|0|0|0|0|0/0|0|0|0|Q|0|0|0|0/0|0|0|0|0|0|Q|0|0/0|0|0|Q|0|0|0|0|0
0128,q4,1,"[[5, 0]]",9,9,0|0|0|0|0|0|0|0|0/0|0|0|Q|0|0|0|0|0/0|0|0|0|0|Q|0|0|0/0|0|0|0|0|0|0|0|0/0|0|Q|0|0|0|0|0|0/Q|0|0|0|0|0|0|0|0/0|0|0|0|0|0|Q|0|0/0|0|0|0|Q|0|0|0|0/0|Q|0|0|0|0|0|0|0
0210,q4,1,"[[4, 0]]",9,9,0|0|0|0|0|0|0|0|0/0|0|0|0|Q|0|0|0|0/0|Q|0|0|0|0|0|0|0/0|0|0|Q|0|0|0|0|0/Q|0|0|0|0|0|0|0|0/0|0|0|0|0|0|Q|0|0/0|0|0|0|0|0|0|0|0/0|0|Q|0|0|0|0|0|0/0|0|0|0|0|Q|0|0|0
0212,q4,1,"[[3, 0]]",9,9,0|0|Q|0|0|0|0|0|0/0|0|0|0|0|0|0|0|0/0|0|0|Q|0|0|0|0|0/Q|0|0|0|0|0|0|0|0/0|0|0|0|0|0|0|0|0/0|0|0|0|0|Q|0|0|0/0|Q|0|0|0|0|0|0|0/0|0|0|0|0|0|Q|0|0/0|0|0|0|Q|0|0|0|0
0247,q4,0,"[[1, 0]]",9,9,0|0|0|0|0|Q|0|0|0/Q|0|0|0|0|0|0|0|0/0|0|0|0|Q|0|0|0|0/0|Q|0|0|0|0|0|0|0/0|0|0|0|0|0|0|0|0/0|0|0|0|0|0|Q|0|0/0|0|0|Q|0|0|0|0|0/0|0|0|0|0|0|0|0|0/0|0|Q|0|0|0|0|0|0
0251,q4,1,"[[3, 0]]",9,9,0|0|0|0|0|Q|0|0|0/0|0|0|0|0|0|0|0|0/0|0|Q|0|0|0|0|0|0/Q|0|0|0|0|0|0|0|0/0|0|0|0|0|0|0|0|0/0|Q|0|0|0|0|0|0|0/0|0|0|0|Q|0|0|0|0/0|0|0|0|0|0|Q|0|0/0|0|0|Q|0|0|0|0|0
0254,q4,0,"[[0, 0]]",9,9,Q|0|0|0|0|0|0|0|0/0|0|0|0|0|0|Q|0|0/0|0|0|Q|0|0|0|0|0/0|0|0|0|0|0|0|0|0/0|0|Q|0|0|0|0|0|0/0|0|0|0|0|0|0|0|0/0|0|0|0|0|Q|0|0|0/0|Q|0|0|0|0|0|0|0/0|0|0|0|Q|0|0|0|0
0275,q4,1,"[[4, 0]]",9,9,0|0|0|Q|0|0|0|0|0/0|0|0|0|0|Q|0|0|0/0|0|0|0|0|0|0|0|0/0|0|Q|0|0|0|0|0|0/Q|0|0|0|0|0|0|0|0/0|0|0|0|0|0|Q|0|0/0|0|0|0|Q|0|0|0|0/0|Q|0|0|0|0|0|0|0/0|0|0|0|0|0|0|0|0
0281,q4,2,"[[7, 0]]",9,9,0|0|0|Q|0|0|0|0|0/0|Q|0|0|0|0|0|0|0/0|0|0|0|0|0|0|0|0/0|0|Q|0|0|0|0|0|0/0|0|0|0|0|0|0|0|0/0|0|0|0|0|0|Q|0|0/0|0|0|0|Q|0|0|0|0/Q|0|0|0|0|0|0|0|0/0|0|0|0|0|Q|0|0|0
0297,q4,0,"[[2, 0]]",9,9,0|0|0|Q|0|0|0|0|0/0|0|0|0|0|Q|0|0|0/Q|0|0|0|0|0|0|0|0/0|0|0|0|0|0|0|0|0/0|0|0|0|0|0|Q|0|0/0|0|Q|0|0|0|0|0|0/0|0|0|0|0|0|0|0|0/0|Q|0|0|0|0|0|0|0/0|0|0|0|Q|0|0|0|0
0324,q4,1,"[[5, 0]]",9,9,0|0|Q|0|0|0|0|0|0/0|0|0|0|0|Q|0|0|0/0|0|0|0|0|0|0|0|0/0|Q|0|0|0|0|0|0|0/0|0|0|0|0|0|0|0|0/Q|0|0|0|0|0|0|0|0/0|0|0|Q|0|0|0|0|0/0|0|0|0|0|0|Q|0|0/0|0|0|0|Q|0|0|0|0
0353,q4,2,"[[8, 0]]",9,9,0|0|0|0|Q|0|0|0|0/0|0|0|0|0|0|Q|0|0/0|0|0|0|0|0|0|0|0/0|0|0|Q|0|0|0|0|0/0|Q|0|0|0|0|0|0|0/0|0|0|0|0|0|0|0|0/0|0|0|0|0|Q|0|0|0/0|0|Q|0|0|0|0|0|0/Q|0|0|0|0|0|0|0|0
0361,q4,1,"[[5, 0]]",9,9,0|0|0|0|Q|0|0|0|0/0|0|0|0|0|0|Q|0|0/0|Q|0|0|0|0|0|0|0/0|0|0|0|0|Q|0|0|0/0|0|Q|0|0|0|0|0|0/Q|0|0|0|0|0|0|0|0/0|0|0|0|0|0|0|0|0/0|0|0|Q|0|0|0|0|0/0|0|0|0|0|0|0|0|0
0368,q4,0,"[[0, 0]]",9,9,Q|0|0|0|0|0|0|0|0/0|0|0|Q|0|0|0|0|0/0|0|0|0|0|0|0|0|0/0|0|Q|0|0|0|0|0|0/0|0|0|0|0|0|0|0|0/0|0|0|0|0|0|Q|0|0/0|0|0|0|Q|0|0|0|0/0|Q|0|0|0|0|0|0|0/0|0|0|0|0|Q|0|0|0
0374,q4,2,"[[7, 0]]",9,9,0|0|0|Q|0|0|0|0|0/0|0|0|0|0|Q|0|0|0/0|0|0|0|0|0|0|0|0/0|Q|0|0|0|0|0|0|0/0|0|0|0|Q|0|0|0|0/0|0|0|0|0|0|Q|0|0/0|0|0|0|0|0|0|0|0/Q|0|0|0|0|0|0|0|0/0|0|Q|0|0|0|0|0|0
0383,q4,2,"[[7, 0]]",9,9,0|0|0|0|0|Q|0|0|0/0|0|0|0|0|0|0|0|0/0|0|Q|0|0|0|0|0|0/0|0|0|0|0|0|Q|0|0/0|0|0|0|0|0|0|0|0/0|Q|0|0|0|0|0|0|0/0|0|0|0|Q|0|0|0|0/Q|0|0|0|0|0|0|0|0/0|0|0|Q|0|0|0|0|0
0450,q4,0,"[[1, 0]]",10,10,0|0|0|0|Q|0|0|0|0|0/Q|0|0|0|0|0|0|0|0|0/0|0|0|Q|0|0|0|0|0|0/0|0|0|0|0|0|0|0|0|0/0|0|0|0|0|0|Q|0|0|0/0|Q|0|0|0|0|0|0|0|0/0|0|0|0|0|0|0|0|0|0/0|0|Q|0|0|0|0|0|0|0/0|0|0|0|0|Q|0|0|0|0/0|0|0|0|0|0|0|Q|0|0
0478,q4,1,"[[4, 0]]",10,10,0|0|0|0|0|0|Q|0|0|0/0|0|0|0|0|0|0|0|0|0/0|0|0|0|0|Q|0|0|0|0/0|0|Q|0|0|0|0|0|0|0/Q|0|0|0|0|0|0|0|0|0/0|0|0|0|0|0|0|Q|0|0/0|0|0|0|Q|0|0|0|0|0/0|Q|0|0|0|0|0|0|0|0/0|0|0|Q|0|0|0|0|0|0/0|0|0|0|0|0|0|0|0|0
0507,q4,1,"[[5, 0]]",10,10,0|0|0|0|0|0|Q|0|0|0/0|0|Q|0|0|0|0|0|0|0/0|0|0|0|0|0|0|Q|0|0/0|Q|0|0|0|0|0|0|0|0/0|0|0|0|Q|0|0|0|0|0/Q|0|0|0|0|0|0|0|0|0/0|0|0|0|0|0|0|0|0|0/0|0|0|Q|0|0|0|0|0|0/0|0|0|0|0|Q|0|0|0|0/0|0|0|0|0|0|0|0|0|0
0572,q4,0,"[[0, 0]]",10,10,Q|0|0|0|0|0|0|0|0|0/0|0|0|Q|0|0|0|0|0|0/0|0|0|0|0|0|Q|0|0|0/0|0|0|0|0|0|0|0|0|0/0|0|0|0|0|0|0|Q|0|0/0|0|0|0|Q|0|0|0|0|0/0|Q|0|0|0|0|0|0|0|0/0|0|0|0|0|0|0|0|0|0/0|0|Q|0|0|0|0|0|0|0/0|0|0|0|0|Q|0|0|0|0
0584,q4,0,"[[0, 0]]",10,10,Q|0|0|0|0|0|0|0|0|0/0|0|Q|0|0|0|0|0|0|0/0|0|0|0|0|Q|0|0|0|0/0|0|0|0|0|0|0|Q|0|0/0|0|0|0|0|0|0|0|0|0/0|0|0|0|Q|0|0|0|0|0/0|0|0|0|0|0|0|0|0|0/0|Q|0|0|0|0|0|0|0|0/0|0|0|Q|0|0|0|0|0|0/0|0|0|0|0|0|Q|0|0|0
0585,q4,2,"[[9, 0]]",10,10,0|0|0|Q|0|0|0|0|0|0/0|0|0|0|0|0|0|0|0|0/0|0|0|0|Q|0|0|0|0|0/0|Q|0|0|0|0|0|0|0|0/0|0|0|0|0|0|0|0|0|0/0|0|0|0|0|0|Q|0|0|0/0|0|Q|0|0|0|0|0|0|0/0|0|0|0|0|0|0|Q|0|0/0|0|0|0|0|Q|0|0|0|0/Q|0|0|0|0|0|0|0|0|0
0628,q4,0,"[[2, 0]]",10,10,0|0|0|0|0|0|0|0|0|0/0|0|Q|0|0|0|0|0|0|0/Q|0|0|0|0|0|0|0|0|0/0|0|0|Q|0|0|0|0|0|0/0|0|0|0|0|0|Q|0|0|0/0|0|0|0|0|0|0|0|0|0/0|Q|0|0|0|0|0|0|0|0/0|0|0|0|Q|0|0|0|0|0/0|0|0|0|0|0|0|Q|0|0/0|0|0|0|0|Q|0|0|0|0
0651,q4,1,"[[6, 0]]",10,10,0|0|0|0|0|0|0|0|0|0/0|Q|0|0|0|0|0|0|0|0/0|0|0|0|0|0|0|0|0|0/0|0|Q|0|0|0|0|0|0|0/0|0|0|0|0|Q|0|0|0|0/0|0|0|0|0|0|0|Q|0|0/Q|0|0|0|0|0|0|0|0|0/0|0|0|Q|0|0|0|0|0|0/0|0|0|0|0|0|Q|0|0|0/0|0|0|0|Q|0|0|0|0|0
0674,q4,1,"[[5, 0]]",10,10,0|0|0|0|Q|0|0|0|0|0/0|Q|0|0|0|0|0|0|0|0/0|0|0|0|0|0|0|0|0|0/0|0|0|0|0|0|Q|0|0|0/0|0|0|Q|0|0|0|0|0|0/Q|0|0|0|0|0|0|0|0|0/0|0|Q|0|0|0|0|0|0|0/0|0|0|0|0|0|0|0|0|0/0|0|0|0|0|Q|0|0|0|0/0|0|0|0|0|0|0|Q|0|0
0678,q4,0,"[[3, 0]]",10,10,0|0|0|0|0|Q|0|0|0|0/0|0|0|Q|0|0|0|0|0|0/0|0|0|0|0|0|0|0|0|0/Q|0|0|0|0|0|0|0|0|0/0|0|Q|0|0|0|0|0|0|0/0|0|0|0|0|0|0|0|0|0/0|0|0|0|0|0|Q|0|0|0/0|Q|0|0|0|0|0|0|0|0/0|0|0|0|0|0|0|Q|0|0/0|0|0|0|Q|0|0|0|0|0
0746,q4,2,"[[7, 0]]",10,10,0|0|0|0|Q|0|0|0|0|0/0|0|Q|0|0|0|0|0|0|0/0|0|0|0|0|0|0|0|0|0/0|0|0|0|0|Q|0|0|0|0/0|0|0|0|0|0|0|0|0|0/0|Q|0|0|0|0|0|0|0|0/0|0|0|0|0|0|Q|0|0|0/Q|0|0|0|0|0|0|0|0|0/0|0|0|Q|0|0|0|0|0|0/0|0|0|0|0|0|0|Q|0|0
0755,q4,0,"[[2, 0]]",10,10,0|0|0|0|Q|0|0|0|0|0/0|0|Q|0|0|0|0|0|0|0/Q|0|0|0|0|0|0|0|0|0/0|0|0|0|0|0|0|0|0|0/0|0|0|0|0|0|Q|0|0|0/0|0|0|0|0|0|0|0|0|0/0|0|0|Q|0|0|0|0|0|0/0|Q|0|0|0|0|0|0|0|0/0|0|0|0|0|0|0|Q|0|0/0|0|0|0|0|Q|0|0|0|0
0787,q4,1,"[[6, 0]]",10,10,0|0|0|Q|0|0|0|0|0|0/0|0|0|0|0|0|Q|0|0|0/0|0|0|0|0|0|0|0|0|0/0|0|0|0|0|Q|0|0|0|0/0|Q|0|0|0|0|0|0|0|0/0|0|0|0|0|0|0|0|0|0/Q|0|0|0|0|0|0|0|0|0/0|0|Q|0|0|0|0|0|0|0/0|0|0|0|Q|0|0|0|0|0/0|0|0|0|0|0|0|Q|0|0
0792,q4,0,"[[3, 0]]",10,10,0|0|0|0|0|0|0|0|0|0/0|0|0|0|0|0|Q|0|0|0/0|0|Q|0|0|0|0|0|0|0/Q|0|0|0|0|0|0|0|0|0/0|0|0|0|0|Q|0|0|0|0/0|Q|0|0|0|0|0|0|0|0/0|0|0|0|Q|0|0|0|0|0/0|0|0|0|0|0|0|0|0|0/0|0|0|0|0|0|0|Q|0|0/0|0|0|Q|0|0|0|0|0|0
0824,q4,1,"[[4, 0]]",10,10,0|0|0|0|0|0|0|0|0|0/0|0|0|0|0|0|0|Q|0|0/0|0|0|0|Q|0|0|0|0|0/0|0|Q|0|0|0|0|0|0|0/Q|0|0|0|0|0|0|0|0|0/0|0|0|0|0|Q|0|0|0|0/0|Q|0|0|0|0|0|0|0|0/0|0|0|0|0|0|0|0|0|0/0|0|0|0|0|0|Q|0|0|0/0|0|0|Q|0|0|0|0|0|0
0857,q4,2,"[[9, 0]]",10,10,0|0|0|0|0|0|Q|0|0|0/0|0|0|Q|0|0|0|0|0|0/0|Q|0|0|0|0|0|0|0|0/0|0|0|0|Q|0|0|0|0|0/0|0|0|0|0|0|0|Q|0|0/0|0|0|0|0|0|0|0|0|0/0|0|Q|0|0|0|0|0|0|0/0|0|0|0|0|Q|0|0|0|0/0|0|0|0|0|0|0|0|0|0/Q|0|0|0|0|0|0|0|0|0
0889,q4,0,"[[1, 0]]",10,10,0|0|0|0|Q|0|0|0|0|0/Q|0|0|0|0|0|0|0|0|0/0|0|0|0|0|0|0|Q|0|0/0|0|0|0|0|Q|0|0|0|0/0|0|Q|0|0|0|0|0|0|0/0|0|0|0|0|0|0|0|0|0/0|Q|0|0|0|0|0|0|0|0/0|0|0|Q|0|0|0|0|0|0/0|0|0|0|0|0|0|0|0|0/0|0|0|0|0|0|Q|0|0|0
0905,q4,1,"[[6, 0]]",10,10,0|0|0|0|Q|0|0|0|0|0/0|0|0|0|0|0|Q|0|0|0/0|Q|0|0|0|0|0|0|0|0/0|0|0|0|0|0|0|0|0|0/0|0|0|0|0|0|0|Q|0|0/0|0|0|Q|0|0|0|0|0|0/Q|0|0|0|0|0|0|0|0|0/0|0|Q|0|0|0|0|0|0|0/0|0|0|0|0|0|0|0|0|0/0|0|0|0|0|Q|0|0|0|0
0907,q4,0,"[[0, 0]]",10,10,Q|0|0|0|0|0|0|0|0|0/0|0|0|0|0|0|0|Q|0|0/0|0|0|0|0|Q|0|0|0|0/0|0|Q|0|0|0|0|0|0|0/0|0|0|0|0|0|0|0|0|0/0|Q|0|0|0|0|0|0|0|0/0|0|0|0|Q|0|0|0|0|0/0|0|0|0|0|0|0|0|0|0/0|0|0|Q|0|0|0|0|0|0/0|0|0|0|0|0|Q|0|0|0
0909,q4,1,"[[6, 0]]",10,10,0|0|0|Q|0|0|0|0|0|0/0|0|0|0|0|0|Q|0|0|0/0|0|Q|0|0|0|0|0|0|0/0|0|0|0|0|Q|0|0|0|0/0|Q|0|0|0|0|0|0|0|0/0|0|0|0|0|0|0|0|0|0/Q|0|0|0|0|0|0|0|0|0/0|0|0|0|0|0|0|0|0|0/0|0|0|0|Q|0|0|0|0|0/0|0|0|0|0|0|0|Q|0|0
0938,q4,2,"[[7, 0]]",10,10,0|Q|0|0|0|0|0|0|0|0/0|0|0|0|0|Q|0|0|0|0/0|0|0|0|0|0|0|Q|0|0/0|0|Q|0|0|0|0|0|0|0/0|0|0|0|0|0|Q|0|0|0/0|0|0|Q|0|0|0|0|0|0/0|0|0|0|0|0|0|0|0|0/Q|0|0|0|0|0|0|0|0|0/0|0|0|0|0|0|0|0|0|0/0|0|0|0|Q|0|0|0|0|0
0944,q4,1,"[[6, 0]]",10,10,0|0|0|0|0|Q|0|0|0|0/0|0|0|Q|0|0|0|0|0|0/0|Q|0|0|0|0|0|0|0|0/0|0|0|0|0|0|0|Q|0|0/0|0|0|0|Q|0|0|0|0|0/0|0|0|0|0|0|0|0|0|0/Q|0|0|0|0|0|0|0|0|0/0|0|Q|0|0|0|0|0|0|0/0|0|0|0|0|0|0|0|0|0/0|0|0|0|0|0|Q|0|0|0
0964,q4,2,"[[8, 0]]",10,10,0|0|0|0|0|Q|0|0|0|0/0|0|0|0|0|0|0|0|0|0/0|0|Q|0|0|0|0|0|0|0/0|0|0|0|Q|0|0|0|0|0/0|0|0|0|0|0|0|Q|0|0/0|Q|0|0|0|0|0|0|0|0/0|0|0|0|0|0|0|0|0|0/0|0|0|0|0|0|Q|0|0|0/Q|0|0|0|0|0|0|0|0|0/0|0|0|Q|0|0|0|0|0|0
0987,q4,1,"[[5, 0]]",10,10,0|0|0|Q|0|0|0|0|0|0/0|Q|0|0|0|0|0|0|0|0/0|0|0|0|0|0|0|Q|0|0/0|0|0|0|0|Q|0|0|0|0/0|0|0|0|0|0|0|0|0|0/Q|0|0|0|0|0|0|0|0|0/0|0|0|0|Q|0|0|0|0|0/0|0|0|0|0|0|Q|0|0|0/0|0|0|0|0|0|0|0|0|0/0|0|Q|0|0|0|0|0|0|0
1054,q4,0,"[[2, 0]]",10,10,0|0|0|0|0|0|Q|0|0|0/0|0|0|0|Q|0|0|0|0|0/Q|0|0|0|0|0|0|0|0|0/0|0|0|0|0|0|0|Q|0|0/0|0|0|0|0|Q|0|0|0|0/0|0|Q|0|0|0|0|0|0|0/0|0|0|0|0|0|0|0|0|0/0|Q|0|0|0|0|0|0|0|0/0|0|0|Q|0|0|0|0|0|0/0|0|0|0|0|0|0|0|0|0
1078,q4,1,"[[6, 0]]",10,10,0|0|0|0|Q|0|0|0|0|0/0|0|Q|0|0|0|0|0|0|0/0|0|0|0|0|0|0|0|0|0/0|0|0|0|0|Q|0|0|0|0/0|0|0|Q|0|0|0|0|0|0/0|0|0|0|0|0|0|0|0|0/Q|0|0|0|0|0|0|0|0|0/0|0|0|0|0|0|0|Q|0|0/0|Q|0|0|0|0|0|0|0|0/0|0|0|0|0|0|Q|0|0|0
1080,q4,1,"[[4, 0]]",10,10,0|0|0|0|0|0|Q|0|0|0/0|0|0|0|0|0|0|0|0|0/0|Q|0|0|0|0|0|0|0|0/0|0|0|0|Q|0|0|0|0|0/Q|0|0|0|0|0|0|0|0|0/0|0|0|Q|0|0|0|0|0|0/0|0|0|0|0|0|0|0|0|0/0|0|0|0|0|0|0|Q|0|0/0|0|0|0|0|Q|0|0|0|0/0|0|Q|0|0|0|0|0|0|0
1083,q4,0,"[[3, 0]]",10,10,0|0|0|0|0|0|0|0|0|0/0|Q|0|0|0|0|0|0|0|0/0|0|0|0|0|0|0|Q|0|0/Q|0|0|0|0|0|0|0|0|0/0|0|0|Q|0|0|0|0|0|0/0|0|0|0|0|0|Q|0|0|0/0|0|0|0|0|0|0|0|0|0/0|0|0|0|0|Q|0|0|0|0/0|0|Q|0|0|0|0|0|0|0/0|0|0|0|Q|0|0|0|0|0
1089,q4,0,"[[3, 0]]",10,10,0|0|0|0|0|0|Q|0|0|0/0|Q|0|0|0|0|0|0|0|0/0|0|0|0|0|0|0|Q|0|0/Q|0|0|0|0|0|0|0|0|0/0|0|0|0|0|0|0|0|0|0/0|0|0|Q|0|0|0|0|0|0/0|0|0|0|0|Q|0|0|0|0/0|0|0|0|0|0|0|0|0|0/0|0|Q|0|0|0|0|0|0|0/0|0|0|0|Q|0|0|0|0|0
1118,q4,1,"[[4, 0]]",10,10,0|0|0|0|0|0|0|0|0|0/0|0|0|0|0|0|Q|0|0|0/0|0|0|0|Q|0|0|0|0|0/0|0|Q|0|0|0|0|0|0|0/Q|0|0|0|0|0|0|0|0|0/0|0|0|0|0|0|0|0|0|0/0|0|0|0|0|0|0|Q|0|0/0|0|0|0|0|Q|0|0|0|0/0|0|0|Q|0|0|0|0|0|0/0|Q|0|0|0|0|0|0|0|0
1179,q4,1,"[[5, 0]]",11,11,0|0|Q|0|0|0|0|0|0|0|0/0|0|0|0|0|0|0|0|Q|0|0/0|0|0|0|0|Q|0|0|0|0|0/0|0|0|Q|0|0|0|0|0|0|0/0|0|0|0|0|0|0|0|0|0|0/Q|0|0|0|0|0|0|0|0|0|0/0|0|0|0|0|0|0|Q|0|0|0/0|Q|0|0|0|0|0|0|0|0|0/0|0|0|0|Q|0|0|0|0|0|0/0|0|0|0|0|0|Q|0|0|0|0/0|0|0|0|0|0|0|0|0|0|0
1182,q4,2,"[[10, 0]]",11,11,0|Q|0|0|0|0|0|0|0|0|0/0|0|0|0|0|0|Q|0|0|0|0/0|0|0|0|Q|0|0|0|0|0|0/0|0|0|0|0|0|0|0|0|0|0/0|0|0|0|0|0|0|Q|0|0|0/0|0|0|Q|0|0|0|0|0|0|0/0|0|0|0|0|0|0|0|0|0|0/0|0|Q|0|0|0|0|0|0|0|0/0|0|0|0|0|Q|0|0|0|0|0/0|0|0|0|0|0|0|0|Q|0|0/Q|0|0|0|0|0|0|0|0|0|0
1233,q4,1,"[[6, 0]]",11,11,0|0|0|0|0|Q|0|0|0|0|0/0|0|0|0|0|0|0|Q|0|0|0/0|0|Q|0|0|0|0|0|0|0|0/0|0|0|0|0|0|Q|0|0|0|0/0|0|0|Q|0|0|0|0|0|0|0/0|0|0|0|0|0|0|0|0|0|0/Q|0|0|0|0|0|0|0|0|0|0/0|0|0|0|0|0|0|0|Q|0|0/0|0|0|0|0|0|0|0|0|0|0/0|0|0|0|Q|0|0|0|0|0|0/0|Q|0|0|0|0|0|0|0|0|0
1244,q4,0,"[[1, 0]]",11,11,0|0|0|0|0|0|0|Q|0|0|0/Q|0|0|0|0|0|0|0|0|0|0/0|0|0|0|Q|0|0|0|0|0|0/0|Q|0|0|0|0|0|0|0|0|0/0|0|0|0|0|Q|0|0|0|0|0/0|0|0|0|0|0|0|0|0|0|0/0|0|Q|0|0|0|0|0|0|0|0/0|0|0|0|0|0|0|0|0|0|0/0|0|0|0|0|0|0|0|Q|0|0/0|0|0|0|0|0|Q|0|0|0|0/0|0|0|Q|0|0|0|0|0|0|0
1273,q4,0,"[[0, 0]]",11,11,Q|0|0|0|0|0|0|0|0|0|0/0|0|0|0|0|0|0|0|0|0|0/0|0|0|0|0|Q|0|0|0|0|0/0|0|0|0|0|0|0|Q|0|0|0/0|0|Q|0|0|0|0|0|0|0|0/0|0|0|0|Q|0|0|0|0|0|0/0|0|0|0|0|0|0|0|Q|0|0/0|Q|0|0|0|0|0|0|0|0|0/0|0|0|0|0|0|0|0|0|0|0/0|0|0|0|0|0|Q|0|0|0|0/0|0|0|Q|0|0|0|0|0|0|0
1289,q4,2,"[[10, 0]]",11,11,0|0|Q|0|0|0|0|0|0|0|0/0|0|0|0|Q|0|0|0|0|0|0/0|0|0|0|0|0|Q|0|0|0|0/0|0|0|0|0|0|0|0|Q|0|0/0|0|0|0|0|0|0|0|0|0|0/0|Q|0|0|0|0|0|0|0|0|0/0|0|0|Q|0|0|0|0|0|0|0/0|0|0|0|0|Q|0|0|0|0|0/0|0|0|0|0|0|0|Q|0|0|0/0|0|0|0|0|0|0|0|0|0|0/Q|0|0|0|0|0|0|0|0|0|0
1290,q4,1,"[[7, 0]]",11,11,0|0|0|0|0|0|Q|0|0|0|0/0|0|0|Q|0|0|0|0|0|0|0/0|Q|0|0|0|0|0|0|0|0|0/0|0|0|0|0|0|0|0|0|0|0/0|0|0|0|0|0|0|0|Q|0|0/0|0|0|0|0|Q|0|0|0|0|0/0|0|Q|0|0|0|0|0|0|0|0/Q|0|0|0|0|0|0|0|0|0|0/0|0|0|0|0|0|0|0|0|0|0/0|0|0|0|0|0|0|Q|0|0|0/0|0|0|0|Q|0|0|0|0|0|0
1292,q4,2,"[[10, 0]]",11,11,0|0|0|0|0|0|Q|0|0|0|0/0|0|0|0|Q|0|0|0|0|0|0/0|0|Q|0|0|0|0|0|0|0|0/0|0|0|0|0|0|0|0|Q|0|0/0|0|0|Q|0|0|0|0|0|0|0/0|0|0|0|0|0|0|Q|0|0|0/0|0|0|0|0|0|0|0|0|0|0/0|Q|0|0|0|0|0|0|0|0|0/0|0|0|0|0|0|0|0|0|0|0/0|0|0|0|0|Q|0|0|0|0|0/Q|0|0|0|0|0|0|0|0|0|0
1323,q4,1,"[[7, 0]]",11,11,0|0|0|0|0|0|0|0|Q|0|0/0|0|0|0|Q|0|0|0|0|0|0/0|Q|0|0|0|0|0|0|0|0|0/0|0|0|0|0|0|0|Q|0|0|0/0|0|0|0|0|0|0|0|0|0|0/0|0|0|0|0|0|Q|0|0|0|0/0|0|0|Q|0|0|0|0|0|0|0/Q|0|0|0|0|0|0|0|0|0|0/0|0|0|0|0|0|0|0|0|0|0/0|0|0|0|0|Q|0|0|0|0|0/0|0|Q|0|0|0|0|0|0|0|0
1333,q4,2,"[[9, 0]]",11,11,0|0|0|0|0|Q|0|0|0|0|0/0|0|0|0|0|0|0|0|0|0|0/0|0|0|0|Q|0|0|0|0|0|0/0|Q|0|0|0|0|0|0|0|0|0/0|0|0|0|0|0|0|0|Q|0|0/0|0|Q|0|0|0|0|0|0|0|0/0|0|0|0|0|0|0|Q|0|0|0/0|0|0|0|0|0|0|0|0|0|0/0|0|0|Q|0|0|0|0|0|0|0/Q|0|0|0|0|0|0|0|0|0|0/0|0|0|0|0|0|Q|0|0|0|0
1395,q4,1,"[[5, 0]]",11,11,0|0|0|Q|0|0|0|0|0|0|0/0|0|0|0|0|0|0|0|0|0|0/0|0|0|0|Q|0|0|0|0|0|0/0|0|0|0|0|0|0|0|0|0|0/0|0|0|0|0|Q|0|0|0|0|0/Q|0|0|0|0|0|0|0|0|0|0/0|0|Q|0|0|0|0|0|0|0|0/0|0|0|0|0|0|Q|0|0|0|0/0|0|0|0|0|0|0|0|Q|0|0/0|Q|0|0|0|0|0|0|0|0|0/0|0|0|0|0|0|0|Q|0|0|0
1450,q4,1,"[[5, 0]]",11,11,0|0|Q|0|0|0|0|0|0|0|0/0|0|0|0|0|0|0|0|0|0|0/0|0|0|0|0|Q|0|0|0|0|0/0|0|0|0|0|0|0|0|0|0|0/0|0|0|0|Q|0|0|0|0|0|0/Q|0|0|0|0|0|0|0|0|0|0/0|0|0|0|0|0|0|Q|0|0|0/0|0|0|Q|0|0|0|0|0|0|0/0|Q|0|0|0|0|0|0|0|0|0/0|0|0|0|0|0|Q|0|0|0|0/0|0|0|0|0|0|0|0|Q|0|0
1453,q4,1,"[[5, 0]]",11,11,0|0|0|0|0|0|0|0|0|0|0/0|0|0|0|0|0|0|Q|0|0|0/0|Q|0|0|0|0|0|0|0|0|0/0|0|0|0|Q|0|0|0|0|0|0/0|0|Q|0|0|0|0|0|0|0|0/Q|0|0|0|0|0|0|0|0|0|0/0|0|0|0|0|0|0|0|Q|0|0/0|0|0|0|0|0|0|0|0|0|0/0|0|0|0|0|Q|0|0|0|0|0/0|0|0|Q|0|0|0|0|0|0|0/0|0|0|0|0|0|Q|0|0|0|0
1473,q4,2,"[[9, 0]]",11,11,0|0|0|0|0|0|Q|0|0|0|0/0|0|0|Q|0|0|0|0|0|0|0/0|0|0|0|0|0|0|0|0|0|0/0|0|Q|0|0|0|0|0|0|0|0/0|0|0|0|0|0|0|Q|0|0|0/0|0|0|0|0|0|0|0|0|0|0/0|0|0|0|Q|0|0|0|0|0|0/0|Q|0|0|0|0|0|0|0|0|0/0|0|0|0|0|0|0|0|Q|0|0/Q|0|0|0|0|0|0|0|0|0|0/0|0|0|0|0|Q|0|0|0|0|0
1474,q4,1,"[[7, 0]]",11,11,0|0|0|0|0|Q|0|0|0|0|0/0|0|0|0|0|0|0|0|0|0|0/0|Q|0|0|0|0|0|0|0|0|0/0|0|0|Q|0|0|0|0|0|0|0/0|0|0|0|0|0|0|0|Q|0|0/0|0|0|0|0|0|Q|0|0|0|0/0|0|Q|0|0|0|0|0|0|0|0/Q|0|0|0|0|0|0|0|0|0|0/0|0|0|0|0|0|0|0|0|0|0/0|0|0|0|0|0|0|Q|0|0|0/0|0|0|0|Q|0|0|0|0|0|0
1483,q4,1,"[[6, 0]]",11,11,0|0|0|0|0|0|0|0|Q|0|0/0|0|0|Q|0|0|0|0|0|0|0/0|Q|0|0|0|0|0|0|0|0|0/0|0|0|0|0|0|0|Q|0|0|0/0|0|0|0|0|0|0|0|0|0|0/0|0|Q|0|0|0|0|0|0|0|0/Q|0|0|0|0|0|0|0|0|0|0/0|0|0|0|0|Q|0|0|0|0|0/0|0|0|0|0|0|0|0|0|0|0/0|0|0|0|Q|0|0|0|0|0|0/0|0|0|0|0|0|Q|0|0|0|0
1487,q4,2,"[[9, 0]]",11,11,0|0|0|0|0|Q|0|0|0|0|0/0|0|Q|0|0|0|0|0|0|0|0/0|0|0|0|0|0|Q|0|0|0|0/0|Q|0|0|0|0|0|0|0|0|0/0|0|0|0|0|0|0|0|0|0|0/0|0|0|0|0|0|0|Q|0|0|0/0|0|0|0|0|0|0|0|0|0|0/0|0|0|0|Q|0|0|0|0|0|0/0|0|0|0|0|0|0|0|Q|0|0/Q|0|0|0|0|0|0|0|0|0|0/0|0|0|Q|0|0|0|0|0|0|0
1502,q4,2,"[[8, 0]]",11,11,0|0|0|0|0|0|Q|0|0|0|0/0|0|0|0|Q|0|0|0|0|0|0/0|0|0|0|0|0|0|0|0|0|0/0|Q|0|0|0|0|0|0|0|0|0/0|0|0|0|0|Q|0|0|0|0|0/0|0|Q|0|0|0|0|0|0|0|0/0|0|0|0|0|0|0|0|0|0|0/0|0|0|0|0|0|0|Q|0|0|0/Q|0|0|0|0|0|0|0|0|0|0/0|0|0|0|0|0|0|0|Q|0|0/0|0|0|Q|0|0|0|0|0|0|0
1512,q4,1,"[[7, 0]]",11,11,0|0|0|0|Q|0|0|0|0|0|0/0|0|0|0|0|0|0|0|0|0|0/0|0|0|0|0|0|0|Q|0|0|0/0|0|0|Q|0|0|0|0|0|0|0/0|Q|0|0|0|0|0|0|0|0|0/0|0|0|0|0|0|0|0|Q|0|0/0|0|0|0|0|Q|0|0|0|0|0/Q|0|0|0|0|0|0|0|0|0|0/0|0|0|0|0|0|Q|0|0|0|0/0|0|0|0|0|0|0|0|0|0|0/0|0|Q|0|0|0|0|0|0|0|0
1532,q4,2,"[[9, 0]]",11,11,0|0|0|0|0|0|0|Q|0|0|0/0|0|Q|0|0|0|0|0|0|0|0/0|0|0|0|Q|0|0|0|0|0|0/0|0|0|0|0|0|0|0|0|0|0/0|Q|0|0|0|0|0|0|0|0|0/0|0|0|0|0|0|0|0|Q|0|0/0|0|0|0|0|Q|0|0|0|0|0/0|0|0|Q|0|0|0|0|0|0|0/0|0|0|0|0|0|Q|0|0|0|0/Q|0|0|0|0|0|0|0|0|0|0/0|0|0|0|0|0|0|0|0|0|0
1555,q4,2,"[[8, 0]]",11,11,0|0|0|0|0|Q|0|0|0|0|0/0|0|0|0|0|0|0|0|0|0|0/0|0|Q|0|0|0|0|0|0|0|0/0|0|0|0|0|0|Q|0|0|0|0/0|0|0|Q|0|0|0|0|0|0|0/0|0|0|0|0|0|0|Q|0|0|0/0|0|0|0|0|0|0|0|0|0|0/0|0|0|0|0|0|0|0|Q|0|0/Q|0|0|0|0|0|0|0|0|0|0/0|0|0|0|Q|0|0|0|0|0|0/0|Q|0|0|0|0|0|0|0|0|0
1556,q4,0,"[[1, 0]]",11,11,0|0|0|0|0|Q|0|0|0|0|0/Q|0|0|0|0|0|0|0|0|0|0/0|0|0|0|0|0|0|0|0|0|0/0|Q|0|0|0|0|0|0|0|0|0/0|0|0|0|0|0|0|0|0|0|0/0|0|0|0|0|0|0|Q|0|0|0/0|0|0|Q|0|0|0|0|0|0|0/0|0|0|0|0|0|0|0|Q|0|0/0|0|Q|0|0|0|0|0|0|0|0/0|0|0|0|Q|0|0|0|0|0|0/0|0|0|0|0|0|Q|0|0|0|0
1568,q4,1,"[[7, 0]]",11,11,0|0|0|0|0|Q|0|0|0|0|0/0|Q|0|0|0|0|0|0|0|0|0/0|0|0|0|Q|0|0|0|0|0|0/0|0|0|0|0|0|0|0|0|0|0/0|0|0|0|0|0|0|Q|0|0|0/0|0|0|0|0|0|0|0|0|0|0/0|0|0|Q|0|0|0|0|0|0|0/Q|0|0|0|0|0|0|0|0|0|0/0|0|Q|0|0|0|0|0|0|0|0/0|0|0|0|0|0|0|0|Q|0|0/0|0|0|0|0|0|Q|0|0|0|0
1608,q4,0,"[[3, 0]]",11,11,0|0|0|0|0|Q|0|0|0|0|0/0|0|0|Q|0|0|0|0|0|0|0/0|0|0|0|0|0|0|0|Q|0|0/Q|0|0|0|0|0|0|0|0|0|0/0|0|Q|0|0|0|0|0|0|0|0/0|0|0|0|0|0|Q|0|0|0|0/0|Q|0|0|0|0|0|0|0|0|0/0|0|0|0|0|0|0|0|0|0|0/0|0|0|0|0|0|0|Q|0|0|0/0|0|0|0|0|0|0|0|0|0|0/0|0|0|0|Q|0|0|0|0|0|0
1609,q4,0,"[[3, 0]]",11,11,0|0|0|0|0|0|0|0|Q|0|0/0|0|0|0|0|Q|0|0|0|0|0/0|0|Q|0|0|0|0|0|0|0|0/Q|0|0|0|0|0|0|0|0|0|0/0|0|0|0|0|0|0|Q|0|0|0/0|0|0|0|Q|0|0|0|0|0|0/0|Q|0|0|0|0|0|0|0|0|0/0|0|0|0|0|0|0|0|0|0|0/0|0|0|0|0|0|Q|0|0|0|0/0|0|0|0|0|0|0|0|0|0|0/0|0|0|Q|0|0|0|0|0|0|0
1621,q4,1,"[[5, 0]]",11,11,0|0|Q|0|0|0|0|0|0|0|0/0|0|0|0|0|Q|0|0|0|0|0/0|Q|0|0|0|0|0|0|0|0|0/0|0|0|0|0|0|0|0|Q|0|0/0|0|0|0|Q|0|0|0|0|0|0/Q|0|0|0|0|0|0|0|0|0|0/0|0|0|0|0|0|0|0|0|0|0/0|0|0|Q|0|0|0|0|0|0|0/0|0|0|0|0|0|Q|0|0|0|0/0|0|0|0|0|0|0|0|0|0|0/0|0|0|0|0|0|0|Q|0|0|0
1623,q4,2,"[[8, 0]]",11,11,0|0|0|0|0|0|Q|0|0|0|0/0|0|0|0|0|0|0|0|0|0|0/0|Q|0|0|0|0|0|0|0|0|0/0|0|0|0|Q|0|0|0|0|0|0/0|0|0|0|0|0|0|0|0|0|0/0|0|0|0|0|Q|0|0|0|0|0/0|0|0|0|0|0|0|0|Q|0|0/0|0|Q|0|0|0|0|0|0|0|0/Q|0|0|0|0|0|0|0|0|0|0/0|0|0|Q|0|0|0|0|0|0|0/0|0|0|0|0|0|0|Q|0|0|0
1646,q4,2,"[[9, 0]]",11,11,0|0|0|0|0|0|Q|0|0|0|0/0|0|0|0|0|0|0|0|0|0|0/0|0|0|0|0|Q|0|0|0|0|0/0|0|0|0|0|0|0|0|0|0|0/0|Q|0|0|0|0|0|0|0|0|0/0|0|0|0|0|0|0|Q|0|0|0/0|0|Q|0|0|0|0|0|0|0|0/0|0|0|0|0|0|0|0|Q|0|0/0|0|0|Q|0|0|0|0|0|0|0/Q|0|0|0|0|0|0|0|0|0|0/0|0|0|0|Q|0|0|0|0|0|0
1647,q4,1,"[[4, 0]]",11,11,0|0|0|Q|0|0|0|0|0|0|0/0|0|0|0|0|0|0|0|Q|0|0/0|0|0|0|Q|0|0|0|0|0|0/0|0|0|0|0|0|0|0|0|0|0/Q|0|0|0|0|0|0|0|0|0|0/0|0|0|0|0|Q|0|0|0|0|0/0|0|0|0|0|0|0|0|0|0|0/0|Q|0|0|0|0|0|0|0|0|0/0|0|0|0|0|0|Q|0|0|0|0/0|0|Q|0|0|0|0|0|0|0|0/0|0|0|0|0|0|0|Q|0|0|0
1664,q4,0,"[[2, 0]]",11,11,0|0|0|0|0|0|0|0|Q|0|0/0|0|0|0|0|Q|0|0|0|0|0/Q|0|0|0|0|0|0|0|0|0|0/0|0|0|0|0|0|0|0|0|0|0/0|0|0|0|0|0|0|Q|0|0|0/0|0|0|0|Q|0|0|0|0|0|0/0|Q|0|0|0|0|0|0|0|0|0/0|0|0|Q|0|0|0|0|0|0|0/0|0|0|0|0|0|0|0|0|0|0/0|0|0|0|0|0|Q|0|0|0|0/0|0|Q|0|0|0|0|0|0|0|0
1691,q4,0,"[[0, 0]]",11,11,Q|0|0|0|0|0|0|0|0|0|0/0|0|0|0|0|0|0|0|Q|0|0/0|0|0|0|Q|0|0|0|0|0|0/0|Q|0|0|0|0|0|0|0|0|0/0|0|0|0|0|0|0|Q|0|0|0/0|0|Q|0|0|0|0|0|0|0|0/0|0|0|0|0|0|0|0|0|0|0/0|0|0|0|0|0|Q|0|0|0|0/0|0|0|0|0|0|0|0|0|0|0/0|0|0|Q|0|0|0|0|0|0|0/0|0|0|0|0|Q|0|0|0|0|0
1696,q4,2,"[[9, 0]]",11,11,0|0|0|Q|0|0|0|0|0|0|0/0|0|0|0|0|0|0|0|0|0|0/0|0|0|0|0|0|Q|0|0|0|0/0|0|Q|0|0|0|0|0|0|0|0/0|0|0|0|0|0|0|0|0|0|0/0|0|0|0|0|Q|0|0|0|0|0/0|Q|0|0|0|0|0|0|0|0|0/0|0|0|0|0|0|0|0|Q|0|0/0|0|0|0|Q|0|0|0|0|0|0/Q|0|0|0|0|0|0|0|0|0|0/0|0|0|0|0|0|0|Q|0|0|0
1729,q4,1,"[[7, 0]]",11,11,0|0|0|0|0|0|0|0|0|0|0/0|0|0|Q|0|0|0|0|0|0|0/0|0|0|0|0|0|Q|0|0|0|0/0|0|Q|0|0|0|0|0|0|0|0/0|0|0|0|0|Q|0|0|0|0|0/0|Q|0|0|0|0|0|0|0|0|0/0|0|0|0|0|0|0|0|0|0|0/Q|0|0|0|0|0|0|0|0|0|0/0|0|0|0|0|0|0|0|Q|0|0/0|0|0|0|Q|0|0|0|0|0|0/0|0|0|0|0|0|0|Q|0|0|0
1731,q4,0,"[[1, 0]]",11,11,0|0|0|Q|0|0|0|0|0|0|0/Q|0|0|0|0|0|0|0|0|0|0/0|0|0|0|0|0|0|0|0|0|0/0|0|0|0|0|Q|0|0|0|0|0/0|0|0|0|0|0|0|0|0|0|0/0|Q|0|0|0|0|0|0|0|0|0/0|0|0|0|0|0|Q|0|0|0|0/0|0|0|0|0|0|0|0|Q|0|0/0|0|Q|0|0|0|0|0|0|0|0/0|0|0|0|Q|0|0|0|0|0|0/0|0|0|0|0|0|0|Q|0|0|0
1741,q4,1,"[[5, 0]]",11,11,0|0|0|0|0|0|0|Q|0|0|0/0|0|0|0|0|0|0|0|0|0|0/0|0|0|0|0|0|0|0|Q|0|0/0|Q|0|0|0|0|0|0|0|0|0/0|0|0|0|Q|0|0|0|0|0|0/Q|0|0|0|0|0|0|0|0|0|0/0|0|0|Q|0|0|0|0|0|0|0/0|0|0|0|0|0|Q|0|0|0|0/0|0|0|0|0|0|0|0|0|0|0/0|0|0|0|0|Q|0|0|0|0|0/0|0|Q|0|0|0|0|0|0|0|0
1798,q4,0,"[[1, 0]]",11,11,0|0|0|0|0|Q|0|0|0|0|0/Q|0|0|0|0|0|0|0|0|0|0/0|0|0|0|0|0|0|0|0|0|0/0|0|0|0|0|0|Q|0|0|0|0/0|0|0|0|Q|0|0|0|0|0|0/0|0|Q|0|0|0|0|0|0|0|0/0|0|0|0|0|0|0|0|Q|0|0/0|0|0|Q|0|0|0|0|0|0|0/0|0|0|0|0|0|0|0|0|0|0/0|0|0|0|0|0|0|Q|0|0|0/0|Q|0|0|0|0|0|0|0|0|0
1819,q4,2,"[[10, 0]]",11,11,0|0|0|0|0|0|Q|0|0|0|0/0|0|0|0|0|0|0|0|0|0|0/0|0|0|0|0|0|0|Q|0|0|0/0|0|Q|0|0|0|0|0|0|0|0/0|0|0|0|Q|0|0|0|0|0|0/0|0|0|0|0|0|0|0|0|0|0/0|Q|0|0|0|0|0|0|0|0|0/0|0|0|0|0|0|0|0|Q|0|0/0|0|0|0|0|Q|0|0|0|0|0/0|0|0|Q|0|0|0|0|0|0|0/Q|0|0|0|0|0|0|0|0|0|0
1833,q4,1,"[[6, 0]]",11,11,0|0|0|0|0|Q|0|0|0|0|0/0|0|Q|0|0|0|0|0|0|0|0/0|0|0|0|0|0|0|0|Q|0|0/0|0|0|0|0|0|0|0|0|0|0/0|0|0|Q|0|0|0|0|0|0|0/0|0|0|0|0|0|0|Q|0|0|0/Q|0|0|0|0|0|0|0|0|0|0/0|0|0|0|Q|0|0|0|0|0|0/0|Q|0|0|0|0|0|0|0|0|0/0|0|0|0|0|0|0|0|0|0|0/0|0|0|0|0|0|Q|0|0|0|0
1847,q4,1,"[[5, 0]]",11,11,0|Q|0|0|0|0|0|0|0|0|0/0|0|0|0|0|0|0|0|0|0|0/0|0|0|0|0|Q|0|0|0|0|0/0|0|0|0|0|0|0|Q|0|0|0/0|0|0|0|Q|0|0|0|0|0|0/Q|0|0|0|0|0|0|0|0|0|0/0|0|0|Q|0|0|0|0|0|0|0/0|0|0|0|0|0|0|0|0|0|0/0|0|0|0|0|0|Q|0|0|0|0/0|0|0|0|0|0|0|0|Q|0|0/0|0|Q|0|0|0|0|0|0|0|0
1852,q4,1,"[[4, 0]]",11,11,0|0|0|0|0|Q|0|0|0|0|0/0|0|0|0|0|0|0|0|0|0|0/0|0|0|0|0|0|Q|0|0|0|0/0|0|0|Q|0|0|0|0|0|0|0/Q|0|0|0|0|0|0|0|0|0|0/0|0|Q|0|0|0|0|0|0|0|0/0|0|0|0|0|0|0|Q|0|0|0/0|0|0|0|0|0|0|0|0|0|0/0|Q|0|0|0|0|0|0|0|0|0/0|0|0|0|0|0|0|0|Q|0|0/0|0|0|0|Q|0|0|0|0|0|0
1860,q4,2,"[[9, 0]]",11,11,0|0|Q|0|0|0|0|0|0|0|0/0|0|0|0|0|0|0|Q|0|0|0/0|0|0|0|0|0|0|0|0|0|0/0|0|0|0|Q|0|0|0|0|0|0/0|Q|0|0|0|0|0|0|0|0|0/0|0|0|0|0|Q|0|0|0|0|0/0|0|0|0|0|0|0|0|0|0|0/0|0|0|0|0|0|Q|0|0|0|0/0|0|0|Q|0|0|0|0|0|0|0/Q|0|0|0|0|0|0|0|0|0|0/0|0|0|0|0|0|0|0|Q|0|0
1884,q4,0,"[[1, 0]]",11,11,0|0|0|Q|0|0|0|0|0|0|0/Q|0|0|0|0|0|0|0|0|0|0/0|0|0|0|Q|0|0|0|0|0|0/0|0|0|0|0|0|0|Q|0|0|0/0|Q|0|0|0|0|0|0|0|0|0/0|0|0|0|0|0|0|0|0|0|0/0|0|0|0|0|0|Q|0|0|0|0/0|0|Q|0|0|0|0|0|0|0|0/0|0|0|0|0|0|0|0|0|0|0/0|0|0|0|0|Q|0|0|0|0|0/0|0|0|0|0|0|0|0|Q|0|0
1922,q4,2,"[[10, 0]]",11,11,0|0|0|0|0|0|Q|0|0|0|0/0|0|0|0|Q|0|0|0|0|0|0/0|0|Q|0|0|0|0|0|0|0|0/0|0|0|0|0|0|0|0|0|0|0/0|0|0|0|0|0|0|0|Q|0|0/0|0|0|Q|0|0|0|0|0|0|0/0|Q|0|0|0|0|0|0|0|0|0/0|0|0|0|0|0|0|0|0|0|0/0|0|0|0|0|0|0|Q|0|0|0/0|0|0|0|0|Q|0|0|0|0|0/Q|0|0|0|0|0|0|0|0|0|0
1927,q4,1,"[[6, 0]]",11,11,0|0|Q|0|0|0|0|0|0|0|0/0|0|0|0|0|0|0|0|0|0|0/0|0|0|0|0|0|Q|0|0|0|0/0|0|0|0|0|0|0|0|0|0|0/0|0|0|Q|0|0|0|0|0|0|0/0|0|0|0|0|Q|0|0|0|0|0/Q|0|0|0|0|0|0|0|0|0|0/0|0|0|0|0|0|0|0|Q|0|0/0|Q|0|0|0|0|0|0|0|0|0/0|0|0|0|Q|0|0|0|0|0|0/0|0|0|0|0|0|0|Q|0|0|0
1931,q4,0,"[[1, 0]]",11,11,0|0|0|0|0|0|Q|0|0|0|0/Q|0|0|0|0|0|0|0|0|0|0/0|0|0|0|0|Q|0|0|0|0|0/0|0|0|0|0|0|0|Q|0|0|0/0|0|0|0|0|0|0|0|0|0|0/0|0|0|Q|0|0|0|0|0|0|0/0|0|0|0|0|0|0|0|Q|0|0/0|0|Q|0|0|0|0|0|0|0|0/0|0|0|0|Q|0|0|0|0|0|0/0|0|0|0|0|0|0|0|0|0|0/0|Q|0|0|0|0|0|0|0|0|0
1981,q4,0,"[[3, 0]]",11,11,0|0|0|0|0|0|Q|0|0|0|0/0|0|0|0|0|0|0|0|Q|0|0/0|0|Q|0|0|0|0|0|0|0|0/Q|0|0|0|0|0|0|0|0|0|0/0|0|0|0|0|0|0|Q|0|0|0/0|0|0|0|0|0|0|0|0|0|0/0|0|0|0|Q|0|0|0|0|0|0/0|Q|0|0|0|0|0|0|0|0|0/0|0|0|0|0|0|0|0|0|0|0/0|0|0|0|0|Q|0|0|0|0|0/0|0|0|Q|0|0|0|0|0|0|0
1987,q4,1,"[[5, 0]]",11,11,0|0|0|Q|0|0|0|0|0|0|0/0|0|0|0|0|0|Q|0|0|0|0/0|0|Q|0|0|0|0|0|0|0|0/0|0|0|0|0|0|0|0|0|0|0/0|0|0|0|0|0|0|0|Q|0|0/Q|0|0|0|0|0|0|0|0|0|0/0|0|0|0|Q|0|0|0|0|0|0/0|0|0|0|0|0|0|0|0|0|0/0|Q|0|0|0|0|0|0|0|0|0/0|0|0|0|0|Q|0|0|0|0|0/0|0|0|0|0|0|0|Q|0|0|0
